[luiewm:info] log file: /home/pidgeon/.cache/luiewm.log
[luiewm:info] === LuieWM starting ===
[luiewm:info] initializing LuieWM...
[luiewm:debug] creating wl_display...
[luiewm:debug] creating backend...
00:00:00.000 [INFO] [libseat] [libseat/backend/seatd.c:64] Could not connect to socket /run/seatd.sock: No such file or directory
00:00:00.000 [INFO] [libseat] [libseat/libseat.c:76] Backend 'seatd' failed to open seat, skipping
00:00:00.003 [INFO] [libseat] [libseat/libseat.c:73] Seat opened with backend 'logind'
00:00:00.003 [INFO] [backend/session/session.c:117] Successfully loaded libseat session
00:00:00.017 [INFO] [backend/backend.c:248] Found 2 GPUs
00:00:00.017 [INFO] [backend/drm/backend.c:225] Initializing DRM backend for /dev/dri/card1 (i915)
00:00:00.017 [DEBUG] [backend/drm/drm.c:112] Using atomic DRM interface
00:00:00.017 [DEBUG] [backend/drm/drm.c:133] ADDFB2 modifiers supported
00:00:00.017 [INFO] [backend/drm/drm.c:312] Found 3 DRM CRTCs
00:00:00.017 [INFO] [backend/drm/drm.c:270] Found 9 DRM planes
00:00:00.018 [INFO] [backend/drm/backend.c:225] Initializing DRM backend for /dev/dri/card0 (nvidia-drm)
00:00:00.019 [DEBUG] [backend/drm/drm.c:112] Using atomic DRM interface
00:00:00.019 [DEBUG] [backend/drm/drm.c:133] ADDFB2 modifiers supported
00:00:00.019 [INFO] [backend/drm/drm.c:312] Found 4 DRM CRTCs
00:00:00.019 [INFO] [backend/drm/drm.c:270] Found 12 DRM planes
00:00:00.020 [DEBUG] [backend/drm/renderer.c:17] Creating multi-GPU renderer
00:00:00.020 [INFO] [util/env.c:25] Loading WLR_RENDERER option: pixman
00:00:00.020 [INFO] [render/pixman/renderer.c:328] Creating pixman renderer
00:00:00.020 [ERROR] [backend/drm/renderer.c:23] Renderer did not support importing DMA-BUFs
00:00:00.020 [INFO] [backend/drm/backend.c:181] Failed to initialize mgpu blit renderer, falling back to scanning out from primary GPU
[luiewm:debug] creating renderer...
00:00:00.020 [INFO] [util/env.c:25] Loading WLR_RENDERER option: pixman
00:00:00.020 [INFO] [render/pixman/renderer.c:328] Creating pixman renderer
[luiewm:debug] renderer is_gles2: false
[luiewm:debug] init_wl_display...
[luiewm:debug] creating allocator...
00:00:00.020 [DEBUG] [render/allocator/allocator.c:142] Trying to create drm dumb allocator
00:00:00.021 [DEBUG] [render/allocator/drm_dumb.c:230] Created DRM dumb allocator
[luiewm:debug] subcompositor OK
[luiewm:debug] wlr_data_device_manager_create...
[luiewm:debug] data_device_manager OK
[luiewm:debug] wlr_output_layout_create...
[luiewm:debug] output_layout OK
[luiewm:debug] wlr_xdg_shell_create...
[luiewm:debug] xdg_shell OK
[luiewm:debug] wlr_cursor_create...
[luiewm:debug] cursor OK
[luiewm:debug] wlr_cursor_attach_output_layout...
[luiewm:debug] cursor attached OK
[luiewm:debug] wlr_xcursor_manager_create...
[luiewm:debug] xcursor_manager OK (theme=cdata<char *>: 0x7ffc5f54ee3c size=48)
[luiewm:debug] wlr_xcursor_manager_load...
00:00:00.064 [DEBUG] [xcursor/wlr_xcursor.c:233] Loaded cursor theme 'macos-tahoe-cursor' at size 48 (187 available cursors)
[luiewm:debug] xcursor_manager_load OK
[luiewm:debug] wlr_cursor_set_xcursor...
[luiewm:debug] cursor_set_xcursor OK
[luiewm:debug] wlr_seat_create...
[luiewm:debug] seat OK
[luiewm:debug] seat capabilities OK
[luiewm:debug] cursor_shape OK
[luiewm:debug] seat listeners OK
[luiewm:debug] creating protocol managers...
[luiewm:debug] output_manager OK
[luiewm:debug] xdg_output_manager OK
[luiewm:debug] gamma_control OK
[luiewm:debug] idle_notifier OK
[luiewm:debug] content_type OK
[luiewm:debug] viewporter OK
[luiewm:debug] xdg_decoration OK
[luiewm:debug] xdg_activation OK
[luiewm:debug] text_input_v3 OK
[luiewm:debug] data_control OK
[luiewm:debug] layer_shell OK
[luiewm:debug] foreign_toplevel OK
[luiewm:debug] server_decoration OK
[luiewm:debug] initializing custom renderer...
[luiewm:info] Custom renderer initialized (wlroots render pass API)
[luiewm:debug] custom renderer OK
[luiewm:info] layer shell setup complete
[luiewm:info] LuieWM initialized successfully
[luiewm:info] xdg_shell listeners registered
[luiewm:info] WAYLAND_DISPLAY=wayland-0
00:00:00.065 [DEBUG] [backend/libinput/backend.c:88] Starting libinput backend
00:00:00.814 [DEBUG] [backend/libinput/events.c:69] Adding Video Bus [0:6]
[luiewm:info] keyboard added: Video Bus
00:00:00.816 [DEBUG] [backend/libinput/events.c:69] Adding Evision RGB Keyboard [12815:20480]
[luiewm:info] keyboard added: Evision RGB Keyboard
00:00:00.818 [DEBUG] [backend/libinput/events.c:69] Adding Evision RGB Keyboard [12815:20480]
[luiewm:info] keyboard added: Evision RGB Keyboard
[luiewm:info] pointer added: Evision RGB Keyboard
00:00:00.820 [DEBUG] [backend/libinput/events.c:69] Adding Evision RGB Keyboard Mouse [12815:20480]
[luiewm:info] pointer added: Evision RGB Keyboard Mouse
00:00:00.820 [DEBUG] [backend/libinput/events.c:69] Adding Logitech G305 [1133:16500]
[luiewm:info] keyboard added: Logitech G305
[luiewm:info] pointer added: Logitech G305
00:00:00.822 [DEBUG] [backend/libinput/events.c:69] Adding ALP0026:00 044E:1222 Mouse [1102:4642]
[luiewm:info] pointer added: ALP0026:00 044E:1222 Mouse
00:00:00.822 [DEBUG] [backend/libinput/events.c:69] Adding ALP0026:00 044E:1222 Touchpad [1102:4642]
[luiewm:info] pointer added: ALP0026:00 044E:1222 Touchpad
00:00:00.822 [DEBUG] [backend/libinput/events.c:69] Adding ALP0026:00 044E:1222 UNKNOWN [1102:4642]
[luiewm:info] keyboard added: ALP0026:00 044E:1222 UNKNOWN
00:00:00.824 [DEBUG] [backend/libinput/events.c:69] Adding Video Bus [0:6]
[luiewm:info] keyboard added: Video Bus
00:00:00.826 [DEBUG] [backend/libinput/events.c:69] Adding Power Button [0:1]
[luiewm:info] keyboard added: Power Button
00:00:00.828 [DEBUG] [backend/libinput/events.c:69] Adding Power Button [0:1]
[luiewm:info] keyboard added: Power Button
00:00:00.830 [DEBUG] [backend/libinput/events.c:69] Adding Lid Switch [0:5]
00:00:00.830 [DEBUG] [backend/libinput/events.c:69] Adding Sleep Button [0:3]
[luiewm:info] keyboard added: Sleep Button
00:00:00.832 [DEBUG] [backend/libinput/events.c:69] Adding AT Translated Set 2 keyboard [1:1]
[luiewm:info] keyboard added: AT Translated Set 2 keyboard
00:00:00.834 [DEBUG] [backend/libinput/events.c:69] Adding AlpsPS/2 ALPS DualPoint TouchPad [2:8]
[luiewm:info] pointer added: AlpsPS/2 ALPS DualPoint TouchPad
00:00:00.834 [DEBUG] [backend/libinput/events.c:69] Adding AlpsPS/2 ALPS DualPoint Stick [2:8]
[luiewm:info] pointer added: AlpsPS/2 ALPS DualPoint Stick
00:00:00.834 [DEBUG] [backend/libinput/events.c:69] Adding Wireless hotkeys [0:0]
[luiewm:info] keyboard added: Wireless hotkeys
00:00:00.836 [DEBUG] [backend/libinput/events.c:69] Adding HP WMI hotkeys [0:0]
[luiewm:info] keyboard added: HP WMI hotkeys
00:00:00.839 [DEBUG] [backend/libinput/events.c:69] Adding ydotoold virtual device [9011:26214]
[luiewm:info] keyboard added: ydotoold virtual device
[luiewm:info] pointer added: ydotoold virtual device
00:00:00.841 [DEBUG] [backend/libinput/backend.c:125] libinput successfully initialized
00:00:00.841 [INFO] [backend/drm/drm.c:1781] Scanning DRM connectors on /dev/dri/card1
00:00:00.841 [INFO] [backend/drm/drm.c:1836] Found connector 'eDP-1'
00:00:00.841 [INFO] [backend/drm/drm.c:1861] 'eDP-1' connected
00:00:00.841 [DEBUG] [backend/drm/drm.c:1632] Current CRTC: 59
00:00:00.841 [INFO] [backend/drm/drm.c:1646] Detected modes:
00:00:00.841 [INFO] [backend/drm/drm.c:1670]   1920x1080 @ 60.004 Hz (preferred)
00:00:00.841 [INFO] [backend/drm/drm.c:1670]   1920x1080 @ 40.001 Hz 
00:00:00.841 [INFO] [backend/drm/drm.c:1707] Physical size: 340x190
00:00:00.845 [INFO] [backend/drm/drm.c:1836] Found connector 'DP-1'
00:00:00.851 [INFO] [backend/drm/drm.c:1836] Found connector 'HDMI-A-1'
00:00:00.855 [INFO] [backend/drm/drm.c:1836] Found connector 'DP-2'
00:00:00.860 [INFO] [backend/drm/drm.c:1836] Found connector 'HDMI-A-2'
00:00:00.865 [INFO] [backend/drm/drm.c:1836] Found connector 'HDMI-A-3'
00:00:00.865 [INFO] [backend/drm/drm.c:1895] connector eDP-1: Requesting modeset
[luiewm:info] output added: eDP-1
[luiewm:info] output added: eDP-1
00:00:00.865 [DEBUG] [render/swapchain.c:103] Allocating new swapchain buffer
00:00:00.865 [DEBUG] [render/allocator/drm_dumb.c:105] Allocated 64x64 DRM dumb buffer
00:00:00.865 [DEBUG] [render/pixman/renderer.c:186] Created pixman buffer 64x64
[luiewm:info] output eDP-1 layout box: 0,0 1920x1080
[luiewm:info] using current_mode 1920x1080@60004Hz for eDP-1
[luiewm:info] setting mode 1920x1080@60004Hz for eDP-1
00:00:00.865 [DEBUG] [types/output/render.c:123] Attaching empty buffer to output for modeset
00:00:00.866 [DEBUG] [types/output/swapchain.c:27] Choosing primary buffer format XR24 (0x34325258) for output 'eDP-1'
00:00:00.866 [DEBUG] [types/output/swapchain.c:96] Testing swapchain for output 'eDP-1'
00:00:00.866 [DEBUG] [render/swapchain.c:103] Allocating new swapchain buffer
00:00:00.868 [DEBUG] [render/allocator/drm_dumb.c:105] Allocated 1920x1080 DRM dumb buffer
00:00:00.868 [DEBUG] [render/pixman/renderer.c:186] Created pixman buffer 1920x1080
00:00:00.868 [INFO] [backend/drm/drm.c:980] connector eDP-1: Modesetting with 1920x1080 @ 60.004 Hz
[luiewm:info] output state committed successfully for eDP-1
[luiewm:debug] server: layout scheduled
00:00:00.884 [INFO] [backend/drm/drm.c:1781] Scanning DRM connectors on /dev/dri/card0
00:00:00.884 [INFO] [backend/drm/drm.c:1836] Found connector 'DP-3'
00:00:00.885 [INFO] [backend/drm/drm.c:1836] Found connector 'HDMI-A-4'
00:00:00.885 [INFO] [backend/drm/drm.c:1836] Found connector 'DP-4'
[luiewm:info] spawning startup command: firefox
[luiewm:info] running compositor on WAYLAND_DISPLAY=wayland-0
[luiewm:debug] server: running scheduled layout
[luiewm:debug] dwindle: layout scheduled 1920x1080 tag=1
00:00:00.886 [DEBUG] [render/swapchain.c:103] Allocating new swapchain buffer
00:00:00.888 [DEBUG] [render/allocator/drm_dumb.c:105] Allocated 1920x1080 DRM dumb buffer
00:00:00.888 [DEBUG] [render/pixman/renderer.c:186] Created pixman buffer 1920x1080
00:00:00.951 [DEBUG] [types/wlr_compositor.c:785] New wlr_surface 0x55b4c155dde0 (res 0x55b4c1877550)
00:00:00.951 [DEBUG] [types/wlr_compositor.c:785] New wlr_surface 0x55b4c15b8c10 (res 0x55b4c1877430)
00:00:01.490 [DEBUG] [types/wlr_compositor.c:785] New wlr_surface 0x55b4c15beef0 (res 0x55b4c184d900)
00:00:01.490 [DEBUG] [types/wlr_compositor.c:785] New wlr_surface 0x55b4c186dbf0 (res 0x55b4c18588a0)
00:00:01.995 [DEBUG] [types/wlr_compositor.c:785] New wlr_surface 0x55b4c186dfc0 (res 0x55b4c1845740)
00:00:01.995 [DEBUG] [types/wlr_compositor.c:785] New wlr_surface 0x55b4c186dbf0 (res 0x55b4c18588a0)
00:00:01.995 [DEBUG] [types/wlr_compositor.c:785] New wlr_surface 0x55b4c186dfc0 (res 0x55b4c1845740)
00:00:02.108 [DEBUG] [types/xdg_shell/wlr_xdg_surface.c:441] new xdg_surface 0x55b4c14e4eb0 (res 0x55b4c1845bc0)
[luiewm:info] new toplevel: unnamed
[luiewm:debug] configure: initial 1x1 for Mozilla Firefox
[luiewm:debug] commit Mozilla Firefox: NO BUFFER (frame callback pending?)
00:00:02.109 [DEBUG] [types/wlr_server_decoration.c:108] new server_decoration 0x55b4c14ffad0 (res 0x55b4c1846040)
[luiewm:debug] ack_configure: received for Mozilla Firefox, queue=0
[luiewm:debug] SUBSURFACE created for Mozilla Firefox: surface=0x7fe85931ffa8
[luiewm:info] view mapped: Mozilla Firefox (firefox)
[luiewm:debug] server: focus_view Mozilla Firefox
[luiewm:debug] focus: Mozilla Firefox
[luiewm:debug] focus: keyboard enter for Mozilla Firefox
[luiewm:debug] dwindle: layout scheduled 1920x1080 tag=1
[luiewm:debug] set_position: Mozilla Firefox -> 8,8 1904x1064
[luiewm:debug] configure: sent 1894x1054 serial=2 for Mozilla Firefox
[luiewm:debug] created texture for Mozilla Firefox: 590x210
[luiewm:debug] xdg commit Mozilla Firefox: surf=590x210 tex=590x210 committed=1 geo=45,45 500x120
[luiewm:debug] pointer motion: surface=0x7fe859315008 at 873,408 (cursor at 841,376)
[luiewm:debug] pointer motion: surface=0x7fe859315008 at 874,408 (cursor at 842,376)
[luiewm:debug] pointer motion: surface=0x7fe859315008 at 876,408 (cursor at 844,376)
[luiewm:debug] pointer motion: surface=0x7fe859315008 at 877,408 (cursor at 845,376)
[luiewm:debug] pointer motion: surface=0x7fe859315008 at 879,408 (cursor at 847,376)
[luiewm:debug] pointer motion: surface=0x7fe859315008 at 880,408 (cursor at 848,376)
[luiewm:debug] pointer motion: surface=0x7fe859315008 at 882,408 (cursor at 850,376)
[luiewm:debug] ack_configure: received for Mozilla Firefox, queue=0
[luiewm:debug] pointer motion: surface=0x7fe859315008 at 883,408 (cursor at 851,376)
[luiewm:debug] pointer motion: surface=0x7fe859315008 at 884,408 (cursor at 852,376)
[luiewm:debug] draw view: quad=13,13 500x120 tex=590x210 ptr=ok opacity=1 geo=45,45 500x120
[luiewm:debug] frame_done #1 -> Mozilla Firefox
[luiewm:debug] pointer motion: surface=0x7fe859315008 at 885,407 (cursor at 853,375)
[luiewm:debug] pointer motion: surface=0x7fe859315008 at 886,407 (cursor at 854,375)
[luiewm:debug] pointer motion: surface=0x7fe859315008 at 888,407 (cursor at 856,375)
[luiewm:debug] pointer motion: surface=0x7fe859315008 at 888,405 (cursor at 856,373)
[luiewm:debug] pointer motion: surface=0x7fe859315008 at 889,405 (cursor at 857,373)
[luiewm:debug] pointer motion: surface=0x7fe859315008 at 891,405 (cursor at 859,373)
[luiewm:debug] pointer motion: surface=0x7fe859315008 at 891,404 (cursor at 859,372)
[luiewm:debug] pointer motion: surface=0x7fe859315008 at 892,404 (cursor at 860,372)
[luiewm:debug] pointer motion: surface=0x7fe859315008 at 892,402 (cursor at 860,370)
[luiewm:debug] pointer motion: surface=0x7fe859315008 at 894,402 (cursor at 862,370)
[luiewm:debug] pointer motion: surface=0x7fe859315008 at 895,401 (cursor at 863,369)
[luiewm:debug] pointer motion: surface=0x7fe859315008 at 895,400 (cursor at 863,368)
[luiewm:debug] pointer motion: surface=0x7fe859315008 at 896,399 (cursor at 864,367)
[luiewm:debug] pointer motion: surface=0x7fe859315008 at 896,398 (cursor at 864,366)
[luiewm:debug] pointer motion: surface=0x7fe859315008 at 896,397 (cursor at 864,365)
[luiewm:debug] pointer motion: surface=0x7fe859315008 at 896,396 (cursor at 864,364)
[luiewm:debug] pointer motion: surface=0x7fe859315008 at 896,395 (cursor at 864,363)
[luiewm:debug] pointer motion: surface=0x7fe859315008 at 896,394 (cursor at 864,362)
[luiewm:debug] pointer motion: surface=0x7fe859315008 at 896,393 (cursor at 864,361)
[luiewm:debug] xdg commit Mozilla Firefox: surf=1984x1144 tex=1984x1144 committed=1 geo=45,45 1894x1054
[luiewm:debug] request_set_shape default
00:00:02.311 [DEBUG] [render/swapchain.c:103] Allocating new swapchain buffer
00:00:02.311 [DEBUG] [render/allocator/drm_dumb.c:105] Allocated 64x64 DRM dumb buffer
00:00:02.311 [DEBUG] [render/pixman/renderer.c:186] Created pixman buffer 64x64
[luiewm:debug] pointer motion: surface=0x7fe859315008 at 896,392 (cursor at 864,360)
[luiewm:debug] pointer motion: surface=0x7fe859315008 at 896,390 (cursor at 864,358)
[luiewm:debug] pointer motion: surface=0x7fe859315008 at 894,390 (cursor at 862,358)
[luiewm:debug] pointer motion: surface=0x7fe859315008 at 894,389 (cursor at 862,357)
[luiewm:debug] pointer motion: surface=0x7fe859315008 at 894,388 (cursor at 862,356)
[luiewm:debug] pointer motion: surface=0x7fe859315008 at 893,388 (cursor at 861,356)
[luiewm:debug] pointer motion: surface=0x7fe859315008 at 893,387 (cursor at 861,355)
[luiewm:debug] pointer motion: surface=0x7fe859315008 at 892,385 (cursor at 860,353)
[luiewm:debug] pointer motion: surface=0x7fe859315008 at 891,384 (cursor at 859,352)
[luiewm:debug] pointer motion: surface=0x7fe859315008 at 891,383 (cursor at 859,351)
[luiewm:debug] pointer motion: surface=0x7fe859315008 at 889,383 (cursor at 857,351)
[luiewm:debug] pointer motion: surface=0x7fe859315008 at 889,381 (cursor at 857,349)
[luiewm:debug] pointer motion: surface=0x7fe859315008 at 888,381 (cursor at 856,349)
[luiewm:debug] pointer motion: surface=0x7fe859315008 at 888,380 (cursor at 856,348)
[luiewm:debug] pointer motion: surface=0x7fe859315008 at 886,380 (cursor at 854,348)
[luiewm:debug] pointer motion: surface=0x7fe859315008 at 886,378 (cursor at 854,346)
[luiewm:debug] pointer motion: surface=0x7fe859315008 at 885,378 (cursor at 853,346)
[luiewm:debug] pointer motion: surface=0x7fe859315008 at 885,377 (cursor at 853,345)
[luiewm:debug] pointer motion: surface=0x7fe859315008 at 883,377 (cursor at 851,345)
[luiewm:debug] pointer motion: surface=0x7fe859315008 at 882,375 (cursor at 850,343)
[luiewm:debug] pointer motion: surface=0x7fe859315008 at 880,375 (cursor at 848,343)
[luiewm:debug] pointer motion: surface=0x7fe859315008 at 880,374 (cursor at 848,342)
[luiewm:debug] pointer motion: surface=0x7fe859315008 at 879,374 (cursor at 847,342)
[luiewm:debug] pointer motion: surface=0x7fe859315008 at 877,372 (cursor at 845,340)
[luiewm:debug] pointer motion: surface=0x7fe859315008 at 876,372 (cursor at 844,340)
[luiewm:debug] pointer motion: surface=0x7fe859315008 at 875,371 (cursor at 843,339)
[luiewm:debug] pointer motion: surface=0x7fe859315008 at 874,371 (cursor at 842,339)
[luiewm:debug] pointer motion: surface=0x7fe859315008 at 872,370 (cursor at 840,338)
[luiewm:debug] pointer motion: surface=0x7fe859315008 at 871,370 (cursor at 839,338)
[luiewm:debug] pointer motion: surface=0x7fe859315008 at 870,370 (cursor at 838,338)
[luiewm:debug] pointer motion: surface=0x7fe859315008 at 870,368 (cursor at 838,336)
[luiewm:debug] pointer motion: surface=0x7fe859315008 at 868,368 (cursor at 836,336)
[luiewm:debug] pointer motion: surface=0x7fe859315008 at 867,368 (cursor at 835,336)
[luiewm:debug] pointer motion: surface=0x7fe859315008 at 867,367 (cursor at 835,335)
[luiewm:debug] pointer motion: surface=0x7fe859315008 at 865,367 (cursor at 833,335)
[luiewm:debug] pointer motion: surface=0x7fe859315008 at 864,367 (cursor at 832,335)
[luiewm:debug] pointer motion: surface=0x7fe859315008 at 862,367 (cursor at 830,335)
[luiewm:debug] pointer motion: surface=0x7fe859315008 at 861,366 (cursor at 829,334)
[luiewm:debug] pointer motion: surface=0x7fe859315008 at 860,366 (cursor at 828,334)
[luiewm:debug] pointer motion: surface=0x7fe859315008 at 859,366 (cursor at 827,334)
[luiewm:debug] pointer motion: surface=0x7fe859315008 at 857,364 (cursor at 825,332)
[luiewm:debug] pointer motion: surface=0x7fe859315008 at 856,364 (cursor at 824,332)
[luiewm:debug] pointer motion: surface=0x7fe859315008 at 855,364 (cursor at 823,332)
[luiewm:debug] pointer motion: surface=0x7fe859315008 at 854,364 (cursor at 822,332)
[luiewm:debug] pointer motion: surface=0x7fe859315008 at 853,364 (cursor at 821,332)
[luiewm:debug] pointer motion: surface=0x7fe859315008 at 852,363 (cursor at 820,331)
[luiewm:debug] pointer motion: surface=0x7fe859315008 at 851,363 (cursor at 819,331)
[luiewm:debug] pointer motion: surface=0x7fe859315008 at 850,363 (cursor at 818,331)
[luiewm:debug] pointer motion: surface=0x7fe859315008 at 849,363 (cursor at 817,331)
[luiewm:debug] pointer motion: surface=0x7fe859315008 at 849,364 (cursor at 817,332)
[luiewm:debug] pointer motion: surface=0x7fe859315008 at 850,365 (cursor at 818,333)
[luiewm:debug] pointer motion: surface=0x7fe859315008 at 850,366 (cursor at 818,334)
[luiewm:debug] pointer motion: surface=0x7fe859315008 at 851,366 (cursor at 819,334)
[luiewm:debug] pointer motion: surface=0x7fe859315008 at 851,367 (cursor at 819,335)
[luiewm:debug] pointer motion: surface=0x7fe859315008 at 852,369 (cursor at 820,337)
[luiewm:debug] pointer motion: surface=0x7fe859315008 at 852,370 (cursor at 820,338)
[luiewm:debug] pointer motion: surface=0x7fe859315008 at 854,370 (cursor at 822,338)
[luiewm:debug] pointer motion: surface=0x7fe859315008 at 854,371 (cursor at 822,339)
[luiewm:debug] pointer motion: surface=0x7fe859315008 at 855,371 (cursor at 823,339)
[luiewm:debug] pointer motion: surface=0x7fe859315008 at 855,373 (cursor at 823,341)
[luiewm:debug] pointer motion: surface=0x7fe859315008 at 856,373 (cursor at 824,341)
[luiewm:debug] pointer motion: surface=0x7fe859315008 at 856,374 (cursor at 824,342)
[luiewm:debug] pointer motion: surface=0x7fe859315008 at 858,374 (cursor at 826,342)
[luiewm:debug] pointer motion: surface=0x7fe859315008 at 858,376 (cursor at 826,344)
[luiewm:debug] pointer motion: surface=0x7fe859315008 at 859,376 (cursor at 827,344)
[luiewm:debug] pointer motion: surface=0x7fe859315008 at 859,377 (cursor at 827,345)
[luiewm:debug] pointer motion: surface=0x7fe859315008 at 861,377 (cursor at 829,345)
[luiewm:debug] pointer motion: surface=0x7fe859315008 at 861,379 (cursor at 829,347)
[luiewm:debug] pointer motion: surface=0x7fe859315008 at 862,379 (cursor at 830,347)
[luiewm:debug] pointer motion: surface=0x7fe859315008 at 862,380 (cursor at 830,348)
[luiewm:debug] pointer motion: surface=0x7fe859315008 at 864,380 (cursor at 832,348)
[luiewm:debug] pointer motion: surface=0x7fe859315008 at 864,382 (cursor at 832,350)
[luiewm:debug] pointer motion: surface=0x7fe859315008 at 865,382 (cursor at 833,350)
[luiewm:debug] pointer motion: surface=0x7fe859315008 at 867,383 (cursor at 835,351)
[luiewm:debug] pointer motion: surface=0x7fe859315008 at 868,383 (cursor at 836,351)
[luiewm:debug] pointer motion: surface=0x7fe859315008 at 868,384 (cursor at 836,352)
[luiewm:debug] pointer motion: surface=0x7fe859315008 at 869,384 (cursor at 837,352)
[luiewm:debug] pointer motion: surface=0x7fe859315008 at 870,384 (cursor at 838,352)
[luiewm:debug] pointer motion: surface=0x7fe859315008 at 870,385 (cursor at 838,353)
[luiewm:debug] pointer motion: surface=0x7fe859315008 at 871,385 (cursor at 839,353)
[luiewm:debug] pointer motion: surface=0x7fe859315008 at 872,385 (cursor at 840,353)
[luiewm:debug] pointer motion: surface=0x7fe859315008 at 872,384 (cursor at 840,352)
[luiewm:debug] pointer motion: surface=0x7fe859315008 at 872,383 (cursor at 840,351)
[luiewm:debug] pointer motion: surface=0x7fe859315008 at 872,383 (cursor at 840,351)
[luiewm:debug] pointer motion: surface=0x7fe859315008 at 872,382 (cursor at 840,350)
[luiewm:debug] pointer motion: surface=0x7fe859315008 at 872,381 (cursor at 840,349)
[luiewm:debug] pointer motion: surface=0x7fe859315008 at 872,381 (cursor at 840,349)
[luiewm:debug] pointer motion: surface=0x7fe859315008 at 872,380 (cursor at 840,348)
[luiewm:debug] pointer motion: surface=0x7fe859315008 at 872,379 (cursor at 840,347)
[luiewm:debug] pointer motion: surface=0x7fe859315008 at 872,378 (cursor at 840,346)
[luiewm:debug] pointer motion: surface=0x7fe859315008 at 871,378 (cursor at 839,346)
[luiewm:debug] pointer motion: surface=0x7fe859315008 at 871,377 (cursor at 839,345)
[luiewm:debug] pointer motion: surface=0x7fe859315008 at 871,376 (cursor at 839,344)
[luiewm:debug] pointer motion: surface=0x7fe859315008 at 871,375 (cursor at 839,343)
[luiewm:debug] pointer motion: surface=0x7fe859315008 at 870,375 (cursor at 838,343)
[luiewm:debug] pointer motion: surface=0x7fe859315008 at 870,373 (cursor at 838,341)
[luiewm:debug] pointer motion: surface=0x7fe859315008 at 870,372 (cursor at 838,340)
[luiewm:debug] pointer motion: surface=0x7fe859315008 at 870,371 (cursor at 838,339)
[luiewm:debug] pointer motion: surface=0x7fe859315008 at 870,370 (cursor at 838,338)
[luiewm:debug] pointer motion: surface=0x7fe859315008 at 870,369 (cursor at 838,337)
[luiewm:debug] pointer motion: surface=0x7fe859315008 at 869,369 (cursor at 837,337)
[luiewm:debug] pointer motion: surface=0x7fe859315008 at 869,368 (cursor at 837,336)
[luiewm:debug] pointer motion: surface=0x7fe859315008 at 869,367 (cursor at 837,335)
[luiewm:debug] pointer motion: surface=0x7fe859315008 at 869,366 (cursor at 837,334)
[luiewm:debug] pointer motion: surface=0x7fe859315008 at 869,365 (cursor at 837,333)
[luiewm:debug] pointer motion: surface=0x7fe859315008 at 869,364 (cursor at 837,332)
[luiewm:debug] pointer motion: surface=0x7fe859315008 at 869,363 (cursor at 837,331)
[luiewm:debug] pointer motion: surface=0x7fe859315008 at 869,362 (cursor at 837,330)
[luiewm:debug] pointer motion: surface=0x7fe859315008 at 869,361 (cursor at 837,329)
[luiewm:debug] pointer motion: surface=0x7fe859315008 at 869,360 (cursor at 837,328)
[luiewm:debug] pointer motion: surface=0x7fe859315008 at 869,359 (cursor at 837,327)
[luiewm:debug] pointer motion: surface=0x7fe859315008 at 869,358 (cursor at 837,326)
[luiewm:debug] pointer motion: surface=0x7fe859315008 at 869,357 (cursor at 837,325)
[luiewm:debug] pointer motion: surface=0x7fe859315008 at 869,356 (cursor at 837,324)
[luiewm:debug] pointer motion: surface=0x7fe859315008 at 870,356 (cursor at 838,324)
[luiewm:debug] pointer motion: surface=0x7fe859315008 at 870,354 (cursor at 838,322)
[luiewm:debug] pointer motion: surface=0x7fe859315008 at 870,353 (cursor at 838,321)
[luiewm:debug] pointer motion: surface=0x7fe859315008 at 871,352 (cursor at 839,320)
[luiewm:debug] pointer motion: surface=0x7fe859315008 at 871,351 (cursor at 839,319)
[luiewm:debug] pointer motion: surface=0x7fe859315008 at 871,350 (cursor at 839,318)
[luiewm:debug] pointer motion: surface=0x7fe859315008 at 872,350 (cursor at 840,318)
[luiewm:debug] pointer motion: surface=0x7fe859315008 at 872,349 (cursor at 840,317)
[luiewm:debug] pointer motion: surface=0x7fe859315008 at 874,348 (cursor at 842,316)
[luiewm:debug] pointer motion: surface=0x7fe859315008 at 874,347 (cursor at 842,315)
[luiewm:debug] pointer motion: surface=0x7fe859315008 at 875,347 (cursor at 843,315)
[luiewm:debug] pointer motion: surface=0x7fe859315008 at 875,345 (cursor at 843,313)
[luiewm:debug] pointer motion: surface=0x7fe859315008 at 875,344 (cursor at 843,312)
[luiewm:debug] pointer motion: surface=0x7fe859315008 at 876,344 (cursor at 844,312)
[luiewm:debug] pointer motion: surface=0x7fe859315008 at 876,342 (cursor at 844,310)
[luiewm:debug] pointer motion: surface=0x7fe859315008 at 877,342 (cursor at 845,310)
[luiewm:debug] pointer motion: surface=0x7fe859315008 at 877,341 (cursor at 845,309)
[luiewm:debug] pointer motion: surface=0x7fe859315008 at 879,339 (cursor at 847,307)
[luiewm:debug] pointer motion: surface=0x7fe859315008 at 881,337 (cursor at 849,305)
[luiewm:debug] pointer motion: surface=0x7fe859315008 at 881,336 (cursor at 849,304)
[luiewm:debug] pointer motion: surface=0x7fe859315008 at 882,336 (cursor at 850,304)
[luiewm:debug] pointer motion: surface=0x7fe859315008 at 882,335 (cursor at 850,303)
[luiewm:debug] pointer motion: surface=0x7fe859315008 at 883,335 (cursor at 851,303)
[luiewm:debug] pointer motion: surface=0x7fe859315008 at 883,334 (cursor at 851,302)
[luiewm:debug] pointer motion: surface=0x7fe859315008 at 884,334 (cursor at 852,302)
[luiewm:debug] pointer motion: surface=0x7fe859315008 at 884,333 (cursor at 852,301)
[luiewm:debug] pointer motion: surface=0x7fe859315008 at 886,333 (cursor at 854,301)
[luiewm:debug] pointer motion: surface=0x7fe859315008 at 886,331 (cursor at 854,299)
[luiewm:debug] pointer motion: surface=0x7fe859315008 at 887,330 (cursor at 855,298)
[luiewm:debug] pointer motion: surface=0x7fe859315008 at 887,329 (cursor at 855,297)
[luiewm:debug] pointer motion: surface=0x7fe859315008 at 888,329 (cursor at 856,297)
[luiewm:debug] pointer motion: surface=0x7fe859315008 at 888,327 (cursor at 856,295)
[luiewm:debug] pointer motion: surface=0x7fe859315008 at 890,327 (cursor at 858,295)
[luiewm:debug] pointer motion: surface=0x7fe859315008 at 890,326 (cursor at 858,294)
[luiewm:debug] pointer motion: surface=0x7fe859315008 at 891,326 (cursor at 859,294)
[luiewm:debug] pointer motion: surface=0x7fe859315008 at 891,324 (cursor at 859,292)
[luiewm:debug] pointer motion: surface=0x7fe859315008 at 892,324 (cursor at 860,292)
[luiewm:debug] pointer motion: surface=0x7fe859315008 at 892,323 (cursor at 860,291)
[luiewm:debug] pointer motion: surface=0x7fe859315008 at 894,323 (cursor at 862,291)
[luiewm:debug] pointer motion: surface=0x7fe859315008 at 894,321 (cursor at 862,289)
[luiewm:debug] pointer motion: surface=0x7fe859315008 at 895,321 (cursor at 863,289)
[luiewm:debug] pointer motion: surface=0x7fe859315008 at 895,320 (cursor at 863,288)
[luiewm:debug] pointer motion: surface=0x7fe859315008 at 897,320 (cursor at 865,288)
[luiewm:debug] pointer motion: surface=0x7fe859315008 at 897,319 (cursor at 865,287)
[luiewm:debug] pointer motion: surface=0x7fe859315008 at 898,319 (cursor at 866,287)
[luiewm:debug] pointer motion: surface=0x7fe859315008 at 898,317 (cursor at 866,285)
[luiewm:debug] pointer motion: surface=0x7fe859315008 at 900,317 (cursor at 868,285)
[luiewm:debug] pointer motion: surface=0x7fe859315008 at 900,316 (cursor at 868,284)
[luiewm:debug] pointer motion: surface=0x7fe859315008 at 901,314 (cursor at 869,282)
[luiewm:debug] pointer motion: surface=0x7fe859315008 at 903,312 (cursor at 871,280)
[luiewm:debug] pointer motion: surface=0x7fe859315008 at 904,311 (cursor at 872,279)
[luiewm:debug] pointer motion: surface=0x7fe859315008 at 905,311 (cursor at 873,279)
[luiewm:debug] pointer motion: surface=0x7fe859315008 at 905,310 (cursor at 873,278)
[luiewm:debug] pointer motion: surface=0x7fe859315008 at 907,308 (cursor at 875,276)
[luiewm:debug] pointer motion: surface=0x7fe859315008 at 908,307 (cursor at 876,275)
[luiewm:debug] pointer motion: surface=0x7fe859315008 at 910,306 (cursor at 878,274)
[luiewm:debug] pointer motion: surface=0x7fe859315008 at 911,306 (cursor at 879,274)
[luiewm:debug] pointer motion: surface=0x7fe859315008 at 912,304 (cursor at 880,272)
[luiewm:debug] pointer motion: surface=0x7fe859315008 at 914,302 (cursor at 882,270)
[luiewm:debug] pointer motion: surface=0x7fe859315008 at 915,301 (cursor at 883,269)
[luiewm:debug] pointer motion: surface=0x7fe859315008 at 917,300 (cursor at 885,268)
[luiewm:debug] pointer motion: surface=0x7fe859315008 at 918,299 (cursor at 886,267)
[luiewm:debug] pointer motion: surface=0x7fe859315008 at 919,299 (cursor at 887,267)
[luiewm:debug] pointer motion: surface=0x7fe859315008 at 921,297 (cursor at 889,265)
[luiewm:debug] pointer motion: surface=0x7fe859315008 at 922,295 (cursor at 890,263)
[luiewm:debug] pointer motion: surface=0x7fe859315008 at 924,295 (cursor at 892,263)
[luiewm:debug] pointer motion: surface=0x7fe859315008 at 924,294 (cursor at 892,262)
[luiewm:debug] pointer motion: surface=0x7fe859315008 at 926,294 (cursor at 894,262)
[luiewm:debug] pointer motion: surface=0x7fe859315008 at 927,292 (cursor at 895,260)
[luiewm:debug] pointer motion: surface=0x7fe859315008 at 929,290 (cursor at 897,258)
[luiewm:debug] pointer motion: surface=0x7fe859315008 at 930,290 (cursor at 898,258)
[luiewm:debug] pointer motion: surface=0x7fe859315008 at 930,289 (cursor at 898,257)
[luiewm:debug] pointer motion: surface=0x7fe859315008 at 932,289 (cursor at 900,257)
[luiewm:debug] pointer motion: surface=0x7fe859315008 at 934,287 (cursor at 902,255)
[luiewm:debug] pointer motion: surface=0x7fe859315008 at 935,287 (cursor at 903,255)
[luiewm:debug] pointer motion: surface=0x7fe859315008 at 935,286 (cursor at 903,254)
[luiewm:debug] pointer motion: surface=0x7fe859315008 at 937,286 (cursor at 905,254)
[luiewm:debug] pointer motion: surface=0x7fe859315008 at 939,284 (cursor at 907,252)
[luiewm:debug] pointer motion: surface=0x7fe859315008 at 941,284 (cursor at 909,252)
[luiewm:debug] pointer motion: surface=0x7fe859315008 at 942,282 (cursor at 910,250)
[luiewm:debug] pointer motion: surface=0x7fe859315008 at 944,282 (cursor at 912,250)
[luiewm:debug] pointer motion: surface=0x7fe859315008 at 944,281 (cursor at 912,249)
[luiewm:debug] pointer motion: surface=0x7fe859315008 at 945,281 (cursor at 913,249)
[luiewm:debug] pointer motion: surface=0x7fe859315008 at 945,279 (cursor at 913,247)
[luiewm:debug] pointer motion: surface=0x7fe859315008 at 947,279 (cursor at 915,247)
[luiewm:debug] pointer motion: surface=0x7fe859315008 at 948,279 (cursor at 916,247)
[luiewm:debug] pointer motion: surface=0x7fe859315008 at 948,277 (cursor at 916,245)
[luiewm:debug] pointer motion: surface=0x7fe859315008 at 950,277 (cursor at 918,245)
[luiewm:debug] pointer motion: surface=0x7fe859315008 at 952,275 (cursor at 920,243)
[luiewm:debug] pointer motion: surface=0x7fe859315008 at 954,275 (cursor at 922,243)
[luiewm:debug] pointer motion: surface=0x7fe859315008 at 955,274 (cursor at 923,242)
[luiewm:debug] pointer motion: surface=0x7fe859315008 at 957,274 (cursor at 925,242)
[luiewm:debug] pointer motion: surface=0x7fe859315008 at 957,272 (cursor at 925,240)
[luiewm:debug] pointer motion: surface=0x7fe859315008 at 958,272 (cursor at 926,240)
[luiewm:debug] pointer motion: surface=0x7fe859315008 at 960,271 (cursor at 928,239)
[luiewm:debug] pointer motion: surface=0x7fe859315008 at 961,271 (cursor at 929,239)
[luiewm:debug] pointer motion: surface=0x7fe859315008 at 963,271 (cursor at 931,239)
[luiewm:debug] pointer motion: surface=0x7fe859315008 at 963,269 (cursor at 931,237)
[luiewm:debug] pointer motion: surface=0x7fe859315008 at 965,269 (cursor at 933,237)
[luiewm:debug] pointer motion: surface=0x7fe859315008 at 966,269 (cursor at 934,237)
[luiewm:debug] pointer motion: surface=0x7fe859315008 at 966,268 (cursor at 934,236)
[luiewm:debug] pointer motion: surface=0x7fe859315008 at 968,268 (cursor at 936,236)
[luiewm:debug] pointer motion: surface=0x7fe859315008 at 969,266 (cursor at 937,234)
[luiewm:debug] pointer motion: surface=0x7fe859315008 at 971,266 (cursor at 939,234)
[luiewm:debug] pointer motion: surface=0x7fe859315008 at 972,264 (cursor at 940,232)
[luiewm:debug] pointer motion: surface=0x7fe859315008 at 974,264 (cursor at 942,232)
[luiewm:debug] pointer motion: surface=0x7fe859315008 at 975,263 (cursor at 943,231)
[luiewm:debug] pointer motion: surface=0x7fe859315008 at 976,263 (cursor at 944,231)
[luiewm:debug] pointer motion: surface=0x7fe859315008 at 977,262 (cursor at 945,230)
[luiewm:debug] pointer motion: surface=0x7fe859315008 at 979,262 (cursor at 947,230)
[luiewm:debug] pointer motion: surface=0x7fe859315008 at 980,261 (cursor at 948,229)
[luiewm:debug] pointer motion: surface=0x7fe859315008 at 981,261 (cursor at 949,229)
[luiewm:debug] pointer motion: surface=0x7fe859315008 at 982,260 (cursor at 950,228)
[luiewm:debug] pointer motion: surface=0x7fe859315008 at 983,260 (cursor at 951,228)
[luiewm:debug] pointer motion: surface=0x7fe859315008 at 985,260 (cursor at 953,228)
[luiewm:debug] pointer motion: surface=0x7fe859315008 at 985,258 (cursor at 953,226)
[luiewm:debug] pointer motion: surface=0x7fe859315008 at 986,258 (cursor at 954,226)
[luiewm:debug] pointer motion: surface=0x7fe859315008 at 988,258 (cursor at 956,226)
[luiewm:debug] pointer motion: surface=0x7fe859315008 at 988,257 (cursor at 956,225)
[luiewm:debug] pointer motion: surface=0x7fe859315008 at 989,257 (cursor at 957,225)
[luiewm:debug] pointer motion: surface=0x7fe859315008 at 991,257 (cursor at 959,225)
[luiewm:debug] pointer motion: surface=0x7fe859315008 at 992,257 (cursor at 960,225)
[luiewm:debug] pointer motion: surface=0x7fe859315008 at 992,255 (cursor at 960,223)
[luiewm:debug] pointer motion: surface=0x7fe859315008 at 993,255 (cursor at 961,223)
[luiewm:debug] pointer motion: surface=0x7fe859315008 at 994,255 (cursor at 962,223)
[luiewm:debug] pointer motion: surface=0x7fe859315008 at 994,254 (cursor at 962,222)
[luiewm:debug] pointer motion: surface=0x7fe859315008 at 996,254 (cursor at 964,222)
[luiewm:debug] pointer motion: surface=0x7fe859315008 at 997,254 (cursor at 965,222)
[luiewm:debug] pointer motion: surface=0x7fe859315008 at 998,253 (cursor at 966,221)
[luiewm:debug] pointer motion: surface=0x7fe859315008 at 999,253 (cursor at 967,221)
[luiewm:debug] pointer motion: surface=0x7fe859315008 at 1000,253 (cursor at 968,221)
[luiewm:debug] pointer motion: surface=0x7fe859315008 at 1000,252 (cursor at 968,220)
[luiewm:debug] pointer motion: surface=0x7fe859315008 at 1002,252 (cursor at 970,220)
[luiewm:debug] pointer motion: surface=0x7fe859315008 at 1003,252 (cursor at 971,220)
[luiewm:debug] pointer motion: surface=0x7fe859315008 at 1004,252 (cursor at 972,220)
[luiewm:debug] pointer motion: surface=0x7fe859315008 at 1004,250 (cursor at 972,218)
[luiewm:debug] pointer motion: surface=0x7fe859315008 at 1006,250 (cursor at 974,218)
[luiewm:debug] pointer motion: surface=0x7fe859315008 at 1007,250 (cursor at 975,218)
[luiewm:debug] pointer motion: surface=0x7fe859315008 at 1008,250 (cursor at 976,218)
[luiewm:debug] pointer motion: surface=0x7fe859315008 at 1008,249 (cursor at 976,217)
[luiewm:debug] pointer motion: surface=0x7fe859315008 at 1010,249 (cursor at 978,217)
[luiewm:debug] pointer motion: surface=0x7fe859315008 at 1011,249 (cursor at 979,217)
[luiewm:debug] pointer motion: surface=0x7fe859315008 at 1012,249 (cursor at 980,217)
[luiewm:debug] pointer motion: surface=0x7fe859315008 at 1013,249 (cursor at 981,217)
[luiewm:debug] pointer motion: surface=0x7fe859315008 at 1014,249 (cursor at 982,217)
[luiewm:debug] pointer motion: surface=0x7fe859315008 at 1014,248 (cursor at 982,216)
[luiewm:debug] pointer motion: surface=0x7fe859315008 at 1016,248 (cursor at 984,216)
[luiewm:debug] pointer motion: surface=0x7fe859315008 at 1017,248 (cursor at 985,216)
[luiewm:debug] pointer motion: surface=0x7fe859315008 at 1018,248 (cursor at 986,216)
[luiewm:debug] pointer motion: surface=0x7fe859315008 at 1019,248 (cursor at 987,216)
[luiewm:debug] pointer motion: surface=0x7fe859315008 at 1019,247 (cursor at 987,215)
[luiewm:debug] pointer motion: surface=0x7fe859315008 at 1021,247 (cursor at 989,215)
[luiewm:debug] pointer motion: surface=0x7fe859315008 at 1022,247 (cursor at 990,215)
[luiewm:debug] pointer motion: surface=0x7fe859315008 at 1024,247 (cursor at 992,215)
[luiewm:debug] pointer motion: surface=0x7fe859315008 at 1025,247 (cursor at 993,215)
[luiewm:debug] pointer motion: surface=0x7fe859315008 at 1026,245 (cursor at 994,213)
[luiewm:debug] pointer motion: surface=0x7fe859315008 at 1028,245 (cursor at 996,213)
[luiewm:debug] pointer motion: surface=0x7fe859315008 at 1030,245 (cursor at 998,213)
[luiewm:debug] pointer motion: surface=0x7fe859315008 at 1031,245 (cursor at 999,213)
[luiewm:debug] pointer motion: surface=0x7fe859315008 at 1032,245 (cursor at 1000,213)
[luiewm:debug] pointer motion: surface=0x7fe859315008 at 1034,245 (cursor at 1002,213)
[luiewm:debug] pointer motion: surface=0x7fe859315008 at 1034,243 (cursor at 1002,211)
[luiewm:debug] pointer motion: surface=0x7fe859315008 at 1035,243 (cursor at 1003,211)
[luiewm:debug] pointer motion: surface=0x7fe859315008 at 1037,243 (cursor at 1005,211)
[luiewm:debug] pointer motion: surface=0x7fe859315008 at 1038,243 (cursor at 1006,211)
[luiewm:debug] pointer motion: surface=0x7fe859315008 at 1040,243 (cursor at 1008,211)
[luiewm:debug] pointer motion: surface=0x7fe859315008 at 1041,243 (cursor at 1009,211)
[luiewm:debug] pointer motion: surface=0x7fe859315008 at 1042,243 (cursor at 1010,211)
[luiewm:debug] pointer motion: surface=0x7fe859315008 at 1044,243 (cursor at 1012,211)
[luiewm:debug] pointer motion: surface=0x7fe859315008 at 1045,243 (cursor at 1013,211)
[luiewm:debug] pointer motion: surface=0x7fe859315008 at 1045,242 (cursor at 1013,210)
[luiewm:debug] pointer motion: surface=0x7fe859315008 at 1047,242 (cursor at 1015,210)
[luiewm:debug] pointer motion: surface=0x7fe859315008 at 1048,242 (cursor at 1016,210)
[luiewm:debug] pointer motion: surface=0x7fe859315008 at 1050,242 (cursor at 1018,210)
[luiewm:debug] draw view: quad=13,13 1894x1054 tex=1984x1144 ptr=ok opacity=1 geo=45,45 1894x1054
[luiewm:debug] pointer motion: surface=0x7fe859315008 at 1051,242 (cursor at 1019,210)
[luiewm:debug] pointer motion: surface=0x7fe859315008 at 1053,242 (cursor at 1021,210)
[luiewm:debug] pointer motion: surface=0x7fe859315008 at 1054,242 (cursor at 1022,210)
[luiewm:debug] pointer motion: surface=0x7fe859315008 at 1056,242 (cursor at 1024,210)
[luiewm:debug] pointer motion: surface=0x7fe859315008 at 1057,242 (cursor at 1025,210)
[luiewm:debug] pointer motion: surface=0x7fe859315008 at 1059,240 (cursor at 1027,208)
[luiewm:debug] pointer motion: surface=0x7fe859315008 at 1060,240 (cursor at 1028,208)
[luiewm:debug] pointer motion: surface=0x7fe859315008 at 1061,240 (cursor at 1029,208)
[luiewm:debug] pointer motion: surface=0x7fe859315008 at 1063,240 (cursor at 1031,208)
[luiewm:debug] pointer motion: surface=0x7fe859315008 at 1064,240 (cursor at 1032,208)
[luiewm:debug] pointer motion: surface=0x7fe859315008 at 1066,240 (cursor at 1034,208)
[luiewm:debug] pointer motion: surface=0x7fe859315008 at 1067,240 (cursor at 1035,208)
[luiewm:debug] pointer motion: surface=0x7fe859315008 at 1069,240 (cursor at 1037,208)
[luiewm:debug] pointer motion: surface=0x7fe859315008 at 1070,240 (cursor at 1038,208)
[luiewm:debug] pointer motion: surface=0x7fe859315008 at 1071,240 (cursor at 1039,208)
[luiewm:debug] pointer motion: surface=0x7fe859315008 at 1073,240 (cursor at 1041,208)
[luiewm:debug] pointer motion: surface=0x7fe859315008 at 1074,240 (cursor at 1042,208)
[luiewm:debug] pointer motion: surface=0x7fe859315008 at 1076,240 (cursor at 1044,208)
[luiewm:debug] pointer motion: surface=0x7fe859315008 at 1077,240 (cursor at 1045,208)
[luiewm:debug] pointer motion: surface=0x7fe859315008 at 1079,240 (cursor at 1047,208)
[luiewm:debug] pointer motion: surface=0x7fe859315008 at 1080,238 (cursor at 1048,206)
[luiewm:debug] pointer motion: surface=0x7fe859315008 at 1082,238 (cursor at 1050,206)
[luiewm:debug] pointer motion: surface=0x7fe859315008 at 1084,238 (cursor at 1052,206)
[luiewm:debug] pointer motion: surface=0x7fe859315008 at 1085,238 (cursor at 1053,206)
[luiewm:debug] pointer motion: surface=0x7fe859315008 at 1086,238 (cursor at 1054,206)
[luiewm:debug] pointer motion: surface=0x7fe859315008 at 1088,238 (cursor at 1056,206)
[luiewm:debug] pointer motion: surface=0x7fe859315008 at 1089,238 (cursor at 1057,206)
[luiewm:debug] pointer motion: surface=0x7fe859315008 at 1091,238 (cursor at 1059,206)
[luiewm:debug] pointer motion: surface=0x7fe859315008 at 1093,238 (cursor at 1061,206)
[luiewm:debug] pointer motion: surface=0x7fe859315008 at 1094,238 (cursor at 1062,206)
[luiewm:debug] pointer motion: surface=0x7fe859315008 at 1096,238 (cursor at 1064,206)
[luiewm:debug] pointer motion: surface=0x7fe859315008 at 1097,238 (cursor at 1065,206)
[luiewm:debug] pointer motion: surface=0x7fe859315008 at 1099,238 (cursor at 1067,206)
[luiewm:debug] pointer motion: surface=0x7fe859315008 at 1100,238 (cursor at 1068,206)
[luiewm:debug] pointer motion: surface=0x7fe859315008 at 1102,238 (cursor at 1070,206)
[luiewm:debug] pointer motion: surface=0x7fe859315008 at 1103,238 (cursor at 1071,206)
[luiewm:debug] pointer motion: surface=0x7fe859315008 at 1105,238 (cursor at 1073,206)
[luiewm:debug] pointer motion: surface=0x7fe859315008 at 1106,238 (cursor at 1074,206)
[luiewm:debug] pointer motion: surface=0x7fe859315008 at 1107,238 (cursor at 1075,206)
[luiewm:debug] pointer motion: surface=0x7fe859315008 at 1109,238 (cursor at 1077,206)
[luiewm:debug] pointer motion: surface=0x7fe859315008 at 1110,238 (cursor at 1078,206)
[luiewm:debug] pointer motion: surface=0x7fe859315008 at 1112,238 (cursor at 1080,206)
[luiewm:debug] pointer motion: surface=0x7fe859315008 at 1113,238 (cursor at 1081,206)
[luiewm:debug] pointer motion: surface=0x7fe859315008 at 1115,238 (cursor at 1083,206)
[luiewm:debug] pointer motion: surface=0x7fe859315008 at 1117,238 (cursor at 1085,206)
[luiewm:debug] pointer motion: surface=0x7fe859315008 at 1118,238 (cursor at 1086,206)
[luiewm:debug] pointer motion: surface=0x7fe859315008 at 1119,238 (cursor at 1087,206)
[luiewm:debug] pointer motion: surface=0x7fe859315008 at 1121,238 (cursor at 1089,206)
[luiewm:debug] pointer motion: surface=0x7fe859315008 at 1122,238 (cursor at 1090,206)
[luiewm:debug] pointer motion: surface=0x7fe859315008 at 1124,238 (cursor at 1092,206)
[luiewm:debug] pointer motion: surface=0x7fe859315008 at 1125,238 (cursor at 1093,206)
[luiewm:debug] pointer motion: surface=0x7fe859315008 at 1127,238 (cursor at 1095,206)
[luiewm:debug] pointer motion: surface=0x7fe859315008 at 1128,238 (cursor at 1096,206)
[luiewm:debug] pointer motion: surface=0x7fe859315008 at 1129,238 (cursor at 1097,206)
[luiewm:debug] pointer motion: surface=0x7fe859315008 at 1131,238 (cursor at 1099,206)
[luiewm:debug] pointer motion: surface=0x7fe859315008 at 1133,238 (cursor at 1101,206)
[luiewm:debug] pointer motion: surface=0x7fe859315008 at 1134,238 (cursor at 1102,206)
[luiewm:debug] pointer motion: surface=0x7fe859315008 at 1136,238 (cursor at 1104,206)
[luiewm:debug] pointer motion: surface=0x7fe859315008 at 1137,238 (cursor at 1105,206)
[luiewm:debug] pointer motion: surface=0x7fe859315008 at 1139,238 (cursor at 1107,206)
[luiewm:debug] pointer motion: surface=0x7fe859315008 at 1140,238 (cursor at 1108,206)
[luiewm:debug] pointer motion: surface=0x7fe859315008 at 1142,238 (cursor at 1110,206)
[luiewm:debug] pointer motion: surface=0x7fe859315008 at 1144,238 (cursor at 1112,206)
[luiewm:debug] pointer motion: surface=0x7fe859315008 at 1145,238 (cursor at 1113,206)
[luiewm:debug] pointer motion: surface=0x7fe859315008 at 1147,238 (cursor at 1115,206)
[luiewm:debug] pointer motion: surface=0x7fe859315008 at 1148,238 (cursor at 1116,206)
[luiewm:debug] pointer motion: surface=0x7fe859315008 at 1150,238 (cursor at 1118,206)
[luiewm:debug] pointer motion: surface=0x7fe859315008 at 1151,238 (cursor at 1119,206)
[luiewm:debug] pointer motion: surface=0x7fe859315008 at 1153,238 (cursor at 1121,206)
[luiewm:debug] pointer motion: surface=0x7fe859315008 at 1154,238 (cursor at 1122,206)
[luiewm:debug] pointer motion: surface=0x7fe859315008 at 1156,238 (cursor at 1124,206)
[luiewm:debug] pointer motion: surface=0x7fe859315008 at 1157,238 (cursor at 1125,206)
[luiewm:debug] pointer motion: surface=0x7fe859315008 at 1159,238 (cursor at 1127,206)
[luiewm:debug] pointer motion: surface=0x7fe859315008 at 1160,238 (cursor at 1128,206)
[luiewm:debug] pointer motion: surface=0x7fe859315008 at 1162,238 (cursor at 1130,206)
[luiewm:debug] pointer motion: surface=0x7fe859315008 at 1164,238 (cursor at 1132,206)
[luiewm:debug] pointer motion: surface=0x7fe859315008 at 1165,238 (cursor at 1133,206)
[luiewm:debug] pointer motion: surface=0x7fe859315008 at 1167,238 (cursor at 1135,206)
[luiewm:debug] pointer motion: surface=0x7fe859315008 at 1168,238 (cursor at 1136,206)
[luiewm:debug] pointer motion: surface=0x7fe859315008 at 1170,238 (cursor at 1138,206)
[luiewm:debug] pointer motion: surface=0x7fe859315008 at 1171,238 (cursor at 1139,206)
[luiewm:debug] pointer motion: surface=0x7fe859315008 at 1173,238 (cursor at 1141,206)
[luiewm:debug] pointer motion: surface=0x7fe859315008 at 1175,238 (cursor at 1143,206)
[luiewm:debug] pointer motion: surface=0x7fe859315008 at 1178,238 (cursor at 1146,206)
[luiewm:debug] pointer motion: surface=0x7fe859315008 at 1180,238 (cursor at 1148,206)
[luiewm:debug] pointer motion: surface=0x7fe859315008 at 1182,238 (cursor at 1150,206)
[luiewm:debug] pointer motion: surface=0x7fe859315008 at 1184,238 (cursor at 1152,206)
[luiewm:debug] pointer motion: surface=0x7fe859315008 at 1185,238 (cursor at 1153,206)
[luiewm:debug] pointer motion: surface=0x7fe859315008 at 1187,238 (cursor at 1155,206)
[luiewm:debug] pointer motion: surface=0x7fe859315008 at 1189,238 (cursor at 1157,206)
[luiewm:debug] pointer motion: surface=0x7fe859315008 at 1190,238 (cursor at 1158,206)
[luiewm:debug] pointer motion: surface=0x7fe859315008 at 1192,238 (cursor at 1160,206)
[luiewm:debug] pointer motion: surface=0x7fe859315008 at 1194,238 (cursor at 1162,206)
[luiewm:debug] pointer motion: surface=0x7fe859315008 at 1195,238 (cursor at 1163,206)
[luiewm:debug] pointer motion: surface=0x7fe859315008 at 1197,238 (cursor at 1165,206)
[luiewm:debug] pointer motion: surface=0x7fe859315008 at 1199,240 (cursor at 1167,208)
[luiewm:debug] pointer motion: surface=0x7fe859315008 at 1201,240 (cursor at 1169,208)
[luiewm:debug] pointer motion: surface=0x7fe859315008 at 1202,240 (cursor at 1170,208)
[luiewm:debug] pointer motion: surface=0x7fe859315008 at 1204,240 (cursor at 1172,208)
[luiewm:debug] pointer motion: surface=0x7fe859315008 at 1206,240 (cursor at 1174,208)
[luiewm:debug] pointer motion: surface=0x7fe859315008 at 1207,240 (cursor at 1175,208)
[luiewm:debug] pointer motion: surface=0x7fe859315008 at 1209,240 (cursor at 1177,208)
[luiewm:debug] pointer motion: surface=0x7fe859315008 at 1211,240 (cursor at 1179,208)
[luiewm:debug] pointer motion: surface=0x7fe859315008 at 1212,240 (cursor at 1180,208)
[luiewm:debug] pointer motion: surface=0x7fe859315008 at 1214,240 (cursor at 1182,208)
[luiewm:debug] pointer motion: surface=0x7fe859315008 at 1216,240 (cursor at 1184,208)
[luiewm:debug] pointer motion: surface=0x7fe859315008 at 1217,240 (cursor at 1185,208)
[luiewm:debug] pointer motion: surface=0x7fe859315008 at 1219,242 (cursor at 1187,210)
[luiewm:debug] pointer motion: surface=0x7fe859315008 at 1221,242 (cursor at 1189,210)
[luiewm:debug] pointer motion: surface=0x7fe859315008 at 1223,242 (cursor at 1191,210)
[luiewm:debug] pointer motion: surface=0x7fe859315008 at 1224,242 (cursor at 1192,210)
[luiewm:debug] pointer motion: surface=0x7fe859315008 at 1226,242 (cursor at 1194,210)
[luiewm:debug] pointer motion: surface=0x7fe859315008 at 1227,242 (cursor at 1195,210)
[luiewm:debug] pointer motion: surface=0x7fe859315008 at 1229,242 (cursor at 1197,210)
[luiewm:debug] pointer motion: surface=0x7fe859315008 at 1230,242 (cursor at 1198,210)
[luiewm:debug] pointer motion: surface=0x7fe859315008 at 1232,242 (cursor at 1200,210)
[luiewm:debug] pointer motion: surface=0x7fe859315008 at 1234,242 (cursor at 1202,210)
[luiewm:debug] pointer motion: surface=0x7fe859315008 at 1235,242 (cursor at 1203,210)
[luiewm:debug] pointer motion: surface=0x7fe859315008 at 1237,244 (cursor at 1205,212)
[luiewm:debug] pointer motion: surface=0x7fe859315008 at 1239,244 (cursor at 1207,212)
[luiewm:debug] pointer motion: surface=0x7fe859315008 at 1241,244 (cursor at 1209,212)
[luiewm:debug] pointer motion: surface=0x7fe859315008 at 1243,244 (cursor at 1211,212)
[luiewm:debug] pointer motion: surface=0x7fe859315008 at 1244,244 (cursor at 1212,212)
[luiewm:debug] pointer motion: surface=0x7fe859315008 at 1246,244 (cursor at 1214,212)
[luiewm:debug] pointer motion: surface=0x7fe859315008 at 1247,244 (cursor at 1215,212)
[luiewm:debug] pointer motion: surface=0x7fe859315008 at 1249,244 (cursor at 1217,212)
[luiewm:debug] pointer motion: surface=0x7fe859315008 at 1250,244 (cursor at 1218,212)
[luiewm:debug] pointer motion: surface=0x7fe859315008 at 1252,244 (cursor at 1220,212)
[luiewm:debug] pointer motion: surface=0x7fe859315008 at 1254,244 (cursor at 1222,212)
[luiewm:debug] pointer motion: surface=0x7fe859315008 at 1255,244 (cursor at 1223,212)
[luiewm:debug] pointer motion: surface=0x7fe859315008 at 1257,244 (cursor at 1225,212)
[luiewm:debug] pointer motion: surface=0x7fe859315008 at 1258,244 (cursor at 1226,212)
[luiewm:debug] pointer motion: surface=0x7fe859315008 at 1260,244 (cursor at 1228,212)
[luiewm:debug] pointer motion: surface=0x7fe859315008 at 1261,244 (cursor at 1229,212)
[luiewm:debug] pointer motion: surface=0x7fe859315008 at 1262,244 (cursor at 1230,212)
[luiewm:debug] pointer motion: surface=0x7fe859315008 at 1264,244 (cursor at 1232,212)
[luiewm:debug] pointer motion: surface=0x7fe859315008 at 1265,244 (cursor at 1233,212)
[luiewm:debug] pointer motion: surface=0x7fe859315008 at 1267,244 (cursor at 1235,212)
[luiewm:debug] pointer motion: surface=0x7fe859315008 at 1268,244 (cursor at 1236,212)
[luiewm:debug] pointer motion: surface=0x7fe859315008 at 1269,244 (cursor at 1237,212)
[luiewm:debug] pointer motion: surface=0x7fe859315008 at 1271,244 (cursor at 1239,212)
[luiewm:debug] pointer motion: surface=0x7fe859315008 at 1272,244 (cursor at 1240,212)
[luiewm:debug] pointer motion: surface=0x7fe859315008 at 1273,244 (cursor at 1241,212)
[luiewm:debug] pointer motion: surface=0x7fe859315008 at 1275,244 (cursor at 1243,212)
[luiewm:debug] pointer motion: surface=0x7fe859315008 at 1276,244 (cursor at 1244,212)
[luiewm:debug] pointer motion: surface=0x7fe859315008 at 1277,244 (cursor at 1245,212)
[luiewm:debug] pointer motion: surface=0x7fe859315008 at 1279,244 (cursor at 1247,212)
[luiewm:debug] pointer motion: surface=0x7fe859315008 at 1280,244 (cursor at 1248,212)
[luiewm:debug] pointer motion: surface=0x7fe859315008 at 1281,244 (cursor at 1249,212)
[luiewm:debug] pointer motion: surface=0x7fe859315008 at 1283,246 (cursor at 1251,214)
[luiewm:debug] pointer motion: surface=0x7fe859315008 at 1284,246 (cursor at 1252,214)
[luiewm:debug] pointer motion: surface=0x7fe859315008 at 1285,246 (cursor at 1253,214)
[luiewm:debug] pointer motion: surface=0x7fe859315008 at 1287,246 (cursor at 1255,214)
[luiewm:debug] pointer motion: surface=0x7fe859315008 at 1288,246 (cursor at 1256,214)
[luiewm:debug] pointer motion: surface=0x7fe859315008 at 1290,248 (cursor at 1258,216)
[luiewm:debug] pointer motion: surface=0x7fe859315008 at 1292,248 (cursor at 1260,216)
[luiewm:debug] pointer motion: surface=0x7fe859315008 at 1293,248 (cursor at 1261,216)
[luiewm:debug] pointer motion: surface=0x7fe859315008 at 1295,249 (cursor at 1263,217)
[luiewm:debug] pointer motion: surface=0x7fe859315008 at 1296,249 (cursor at 1264,217)
[luiewm:debug] pointer motion: surface=0x7fe859315008 at 1298,249 (cursor at 1266,217)
[luiewm:debug] pointer motion: surface=0x7fe859315008 at 1299,251 (cursor at 1267,219)
[luiewm:debug] pointer motion: surface=0x7fe859315008 at 1301,251 (cursor at 1269,219)
[luiewm:debug] pointer motion: surface=0x7fe859315008 at 1303,251 (cursor at 1271,219)
[luiewm:debug] pointer motion: surface=0x7fe859315008 at 1303,252 (cursor at 1271,220)
[luiewm:debug] pointer motion: surface=0x7fe859315008 at 1304,252 (cursor at 1272,220)
[luiewm:debug] pointer motion: surface=0x7fe859315008 at 1306,252 (cursor at 1274,220)
[luiewm:debug] pointer motion: surface=0x7fe859315008 at 1308,254 (cursor at 1276,222)
[luiewm:debug] pointer motion: surface=0x7fe859315008 at 1310,254 (cursor at 1278,222)
[luiewm:debug] pointer motion: surface=0x7fe859315008 at 1311,256 (cursor at 1279,224)
[luiewm:debug] pointer motion: surface=0x7fe859315008 at 1312,256 (cursor at 1280,224)
[luiewm:debug] pointer motion: surface=0x7fe859315008 at 1314,257 (cursor at 1282,225)
[luiewm:debug] pointer motion: surface=0x7fe859315008 at 1316,257 (cursor at 1284,225)
[luiewm:debug] pointer motion: surface=0x7fe859315008 at 1318,259 (cursor at 1286,227)
[luiewm:debug] pointer motion: surface=0x7fe859315008 at 1319,259 (cursor at 1287,227)
[luiewm:debug] pointer motion: surface=0x7fe859315008 at 1319,260 (cursor at 1287,228)
[luiewm:debug] pointer motion: surface=0x7fe859315008 at 1321,260 (cursor at 1289,228)
[luiewm:debug] pointer motion: surface=0x7fe859315008 at 1323,262 (cursor at 1291,230)
[luiewm:debug] pointer motion: surface=0x7fe859315008 at 1325,262 (cursor at 1293,230)
[luiewm:debug] pointer motion: surface=0x7fe859315008 at 1325,264 (cursor at 1293,232)
[luiewm:debug] pointer motion: surface=0x7fe859315008 at 1326,264 (cursor at 1294,232)
[luiewm:debug] pointer motion: surface=0x7fe859315008 at 1327,264 (cursor at 1295,232)
[luiewm:debug] pointer motion: surface=0x7fe859315008 at 1329,266 (cursor at 1297,234)
[luiewm:debug] pointer motion: surface=0x7fe859315008 at 1329,268 (cursor at 1297,236)
[luiewm:debug] pointer motion: surface=0x7fe859315008 at 1331,268 (cursor at 1299,236)
[luiewm:debug] pointer motion: surface=0x7fe859315008 at 1333,268 (cursor at 1301,236)
[luiewm:debug] pointer motion: surface=0x7fe859315008 at 1333,269 (cursor at 1301,237)
[luiewm:debug] pointer motion: surface=0x7fe859315008 at 1334,269 (cursor at 1302,237)
[luiewm:debug] pointer motion: surface=0x7fe859315008 at 1334,271 (cursor at 1302,239)
[luiewm:debug] pointer motion: surface=0x7fe859315008 at 1336,271 (cursor at 1304,239)
[luiewm:debug] pointer motion: surface=0x7fe859315008 at 1338,273 (cursor at 1306,241)
[luiewm:debug] pointer motion: surface=0x7fe859315008 at 1339,275 (cursor at 1307,243)
[luiewm:debug] pointer motion: surface=0x7fe859315008 at 1339,276 (cursor at 1307,244)
[luiewm:debug] pointer motion: surface=0x7fe859315008 at 1341,276 (cursor at 1309,244)
[luiewm:debug] pointer motion: surface=0x7fe859315008 at 1341,277 (cursor at 1309,245)
[luiewm:debug] pointer motion: surface=0x7fe859315008 at 1342,277 (cursor at 1310,245)
[luiewm:debug] pointer motion: surface=0x7fe859315008 at 1342,279 (cursor at 1310,247)
[luiewm:debug] pointer motion: surface=0x7fe859315008 at 1344,279 (cursor at 1312,247)
[luiewm:debug] pointer motion: surface=0x7fe859315008 at 1344,280 (cursor at 1312,248)
[luiewm:debug] pointer motion: surface=0x7fe859315008 at 1345,280 (cursor at 1313,248)
[luiewm:debug] pointer motion: surface=0x7fe859315008 at 1345,282 (cursor at 1313,250)
[luiewm:debug] pointer motion: surface=0x7fe859315008 at 1346,282 (cursor at 1314,250)
[luiewm:debug] pointer motion: surface=0x7fe859315008 at 1346,283 (cursor at 1314,251)
[luiewm:debug] pointer motion: surface=0x7fe859315008 at 1346,284 (cursor at 1314,252)
[luiewm:debug] pointer motion: surface=0x7fe859315008 at 1346,285 (cursor at 1314,253)
[luiewm:debug] pointer motion: surface=0x7fe859315008 at 1348,285 (cursor at 1316,253)
[luiewm:debug] pointer motion: surface=0x7fe859315008 at 1348,287 (cursor at 1316,255)
[luiewm:debug] pointer motion: surface=0x7fe859315008 at 1348,288 (cursor at 1316,256)
[luiewm:debug] pointer motion: surface=0x7fe859315008 at 1348,289 (cursor at 1316,257)
[luiewm:debug] pointer motion: surface=0x7fe859315008 at 1348,290 (cursor at 1316,258)
[luiewm:debug] pointer motion: surface=0x7fe859315008 at 1347,290 (cursor at 1315,258)
[luiewm:debug] pointer motion: surface=0x7fe859315008 at 1347,291 (cursor at 1315,259)
[luiewm:debug] pointer motion: surface=0x7fe859315008 at 1345,291 (cursor at 1313,259)
[luiewm:debug] pointer motion: surface=0x7fe859315008 at 1344,292 (cursor at 1312,260)
[luiewm:debug] pointer motion: surface=0x7fe859315008 at 1343,292 (cursor at 1311,260)
[luiewm:debug] pointer motion: surface=0x7fe859315008 at 1342,292 (cursor at 1310,260)
[luiewm:debug] pointer motion: surface=0x7fe859315008 at 1340,294 (cursor at 1308,262)
[luiewm:debug] pointer motion: surface=0x7fe859315008 at 1338,294 (cursor at 1306,262)
[luiewm:debug] pointer motion: surface=0x7fe859315008 at 1337,294 (cursor at 1305,262)
[luiewm:debug] pointer motion: surface=0x7fe859315008 at 1336,294 (cursor at 1304,262)
[luiewm:debug] pointer motion: surface=0x7fe859315008 at 1334,294 (cursor at 1302,262)
[luiewm:debug] pointer motion: surface=0x7fe859315008 at 1333,294 (cursor at 1301,262)
[luiewm:debug] pointer motion: surface=0x7fe859315008 at 1331,294 (cursor at 1299,262)
[luiewm:debug] pointer motion: surface=0x7fe859315008 at 1330,294 (cursor at 1298,262)
[luiewm:debug] pointer motion: surface=0x7fe859315008 at 1328,294 (cursor at 1296,262)
[luiewm:debug] pointer motion: surface=0x7fe859315008 at 1327,294 (cursor at 1295,262)
[luiewm:debug] pointer motion: surface=0x7fe859315008 at 1325,294 (cursor at 1293,262)
[luiewm:debug] pointer motion: surface=0x7fe859315008 at 1323,294 (cursor at 1291,262)
[luiewm:debug] pointer motion: surface=0x7fe859315008 at 1322,294 (cursor at 1290,262)
[luiewm:debug] pointer motion: surface=0x7fe859315008 at 1322,293 (cursor at 1290,261)
[luiewm:debug] pointer motion: surface=0x7fe859315008 at 1321,293 (cursor at 1289,261)
[luiewm:debug] pointer motion: surface=0x7fe859315008 at 1321,292 (cursor at 1289,260)
[luiewm:debug] pointer motion: surface=0x7fe859315008 at 1321,291 (cursor at 1289,259)
[luiewm:debug] pointer motion: surface=0x7fe859315008 at 1321,290 (cursor at 1289,258)
[luiewm:debug] pointer motion: surface=0x7fe859315008 at 1320,290 (cursor at 1288,258)
[luiewm:debug] pointer motion: surface=0x7fe859315008 at 1319,290 (cursor at 1287,258)
[luiewm:debug] pointer motion: surface=0x7fe859315008 at 1319,290 (cursor at 1287,258)
[luiewm:debug] pointer motion: surface=0x7fe859315008 at 1318,290 (cursor at 1286,258)
[luiewm:debug] draw view: quad=13,13 1894x1054 tex=1984x1144 ptr=ok opacity=1 geo=45,45 1894x1054
[luiewm:debug] frame_done #121 -> Mozilla Firefox
[luiewm:debug] pointer motion: surface=0x7fe859315008 at 1318,290 (cursor at 1286,258)
[luiewm:debug] pointer motion: surface=0x7fe859315008 at 1318,291 (cursor at 1286,259)
[luiewm:debug] pointer motion: surface=0x7fe859315008 at 1317,291 (cursor at 1285,259)
[luiewm:debug] pointer motion: surface=0x7fe859315008 at 1317,292 (cursor at 1285,260)
[luiewm:debug] pointer motion: surface=0x7fe859315008 at 1316,292 (cursor at 1284,260)
[luiewm:debug] pointer motion: surface=0x7fe859315008 at 1315,292 (cursor at 1283,260)
[luiewm:debug] pointer motion: surface=0x7fe859315008 at 1315,293 (cursor at 1283,261)
[luiewm:debug] pointer motion: surface=0x7fe859315008 at 1314,293 (cursor at 1282,261)
[luiewm:debug] pointer motion: surface=0x7fe859315008 at 1314,294 (cursor at 1282,262)
[luiewm:debug] pointer motion: surface=0x7fe859315008 at 1313,294 (cursor at 1281,262)
[luiewm:debug] pointer motion: surface=0x7fe859315008 at 1313,295 (cursor at 1281,263)
[luiewm:debug] pointer motion: surface=0x7fe859315008 at 1313,296 (cursor at 1281,264)
[luiewm:debug] pointer motion: surface=0x7fe859315008 at 1313,297 (cursor at 1281,265)
[luiewm:debug] pointer motion: surface=0x7fe859315008 at 1313,297 (cursor at 1281,265)
[luiewm:debug] pointer motion: surface=0x7fe859315008 at 1312,297 (cursor at 1280,265)
[luiewm:debug] pointer motion: surface=0x7fe859315008 at 1312,298 (cursor at 1280,266)
[luiewm:debug] pointer motion: surface=0x7fe859315008 at 1312,298 (cursor at 1280,266)
[luiewm:debug] pointer motion: surface=0x7fe859315008 at 1313,298 (cursor at 1281,266)
[luiewm:debug] pointer motion: surface=0x7fe859315008 at 1314,298 (cursor at 1282,266)
[luiewm:debug] pointer motion: surface=0x7fe859315008 at 1315,298 (cursor at 1283,266)
[luiewm:debug] pointer motion: surface=0x7fe859315008 at 1316,298 (cursor at 1284,266)
[luiewm:debug] pointer motion: surface=0x7fe859315008 at 1316,297 (cursor at 1284,265)
[luiewm:debug] pointer motion: surface=0x7fe859315008 at 1317,297 (cursor at 1285,265)
[luiewm:debug] pointer motion: surface=0x7fe859315008 at 1318,297 (cursor at 1286,265)
[luiewm:debug] pointer motion: surface=0x7fe859315008 at 1318,296 (cursor at 1286,264)
[luiewm:debug] pointer motion: surface=0x7fe859315008 at 1319,296 (cursor at 1287,264)
[luiewm:debug] pointer motion: surface=0x7fe859315008 at 1320,296 (cursor at 1288,264)
[luiewm:debug] pointer motion: surface=0x7fe859315008 at 1320,295 (cursor at 1288,263)
[luiewm:debug] pointer motion: surface=0x7fe859315008 at 1321,295 (cursor at 1289,263)
[luiewm:debug] pointer motion: surface=0x7fe859315008 at 1321,294 (cursor at 1289,262)
[luiewm:debug] pointer motion: surface=0x7fe859315008 at 1322,294 (cursor at 1290,262)
[luiewm:debug] pointer motion: surface=0x7fe859315008 at 1322,293 (cursor at 1290,261)
[luiewm:debug] pointer motion: surface=0x7fe859315008 at 1324,293 (cursor at 1292,261)
[luiewm:debug] pointer motion: surface=0x7fe859315008 at 1324,292 (cursor at 1292,260)
[luiewm:debug] pointer motion: surface=0x7fe859315008 at 1325,292 (cursor at 1293,260)
[luiewm:debug] pointer motion: surface=0x7fe859315008 at 1325,290 (cursor at 1293,258)
[luiewm:debug] pointer motion: surface=0x7fe859315008 at 1327,290 (cursor at 1295,258)
[luiewm:debug] pointer motion: surface=0x7fe859315008 at 1327,289 (cursor at 1295,257)
[luiewm:debug] pointer motion: surface=0x7fe859315008 at 1328,289 (cursor at 1296,257)
[luiewm:debug] pointer motion: surface=0x7fe859315008 at 1328,287 (cursor at 1296,255)
[luiewm:debug] pointer motion: surface=0x7fe859315008 at 1329,286 (cursor at 1297,254)
[luiewm:debug] pointer motion: surface=0x7fe859315008 at 1330,285 (cursor at 1298,253)
[luiewm:debug] pointer motion: surface=0x7fe859315008 at 1332,284 (cursor at 1300,252)
[luiewm:debug] pointer motion: surface=0x7fe859315008 at 1333,283 (cursor at 1301,251)
[luiewm:debug] pointer motion: surface=0x7fe859315008 at 1334,281 (cursor at 1302,249)
[luiewm:debug] pointer motion: surface=0x7fe859315008 at 1335,280 (cursor at 1303,248)
[luiewm:debug] pointer motion: surface=0x7fe859315008 at 1337,279 (cursor at 1305,247)
[luiewm:debug] pointer motion: surface=0x7fe859315008 at 1337,278 (cursor at 1305,246)
[luiewm:debug] pointer motion: surface=0x7fe859315008 at 1338,278 (cursor at 1306,246)
[luiewm:debug] pointer motion: surface=0x7fe859315008 at 1338,276 (cursor at 1306,244)
[luiewm:debug] pointer motion: surface=0x7fe859315008 at 1339,276 (cursor at 1307,244)
[luiewm:debug] pointer motion: surface=0x7fe859315008 at 1339,274 (cursor at 1307,242)
[luiewm:debug] pointer motion: surface=0x7fe859315008 at 1341,274 (cursor at 1309,242)
[luiewm:debug] pointer motion: surface=0x7fe859315008 at 1341,273 (cursor at 1309,241)
[luiewm:debug] pointer motion: surface=0x7fe859315008 at 1341,272 (cursor at 1309,240)
[luiewm:debug] pointer motion: surface=0x7fe859315008 at 1343,272 (cursor at 1311,240)
[luiewm:debug] pointer motion: surface=0x7fe859315008 at 1343,270 (cursor at 1311,238)
[luiewm:debug] pointer motion: surface=0x7fe859315008 at 1344,270 (cursor at 1312,238)
[luiewm:debug] pointer motion: surface=0x7fe859315008 at 1344,269 (cursor at 1312,237)
[luiewm:debug] pointer motion: surface=0x7fe859315008 at 1346,267 (cursor at 1314,235)
[luiewm:debug] pointer motion: surface=0x7fe859315008 at 1348,265 (cursor at 1316,233)
[luiewm:debug] pointer motion: surface=0x7fe859315008 at 1348,263 (cursor at 1316,231)
[luiewm:debug] pointer motion: surface=0x7fe859315008 at 1350,261 (cursor at 1318,229)
[luiewm:debug] pointer motion: surface=0x7fe859315008 at 1351,260 (cursor at 1319,228)
[luiewm:debug] pointer motion: surface=0x7fe859315008 at 1351,259 (cursor at 1319,227)
[luiewm:debug] pointer motion: surface=0x7fe859315008 at 1353,257 (cursor at 1321,225)
[luiewm:debug] pointer motion: surface=0x7fe859315008 at 1354,255 (cursor at 1322,223)
[luiewm:debug] pointer motion: surface=0x7fe859315008 at 1354,254 (cursor at 1322,222)
[luiewm:debug] pointer motion: surface=0x7fe859315008 at 1356,254 (cursor at 1324,222)
[luiewm:debug] pointer motion: surface=0x7fe859315008 at 1356,252 (cursor at 1324,220)
[luiewm:debug] pointer motion: surface=0x7fe859315008 at 1358,252 (cursor at 1326,220)
[luiewm:debug] pointer motion: surface=0x7fe859315008 at 1358,250 (cursor at 1326,218)
[luiewm:debug] pointer motion: surface=0x7fe859315008 at 1360,248 (cursor at 1328,216)
[luiewm:debug] pointer motion: surface=0x7fe859315008 at 1361,247 (cursor at 1329,215)
[luiewm:debug] pointer motion: surface=0x7fe859315008 at 1361,245 (cursor at 1329,213)
[luiewm:debug] pointer motion: surface=0x7fe859315008 at 1363,243 (cursor at 1331,211)
[luiewm:debug] pointer motion: surface=0x7fe859315008 at 1365,242 (cursor at 1333,210)
[luiewm:debug] pointer motion: surface=0x7fe859315008 at 1366,240 (cursor at 1334,208)
[luiewm:debug] pointer motion: surface=0x7fe859315008 at 1366,238 (cursor at 1334,206)
[luiewm:debug] pointer motion: surface=0x7fe859315008 at 1368,238 (cursor at 1336,206)
[luiewm:debug] pointer motion: surface=0x7fe859315008 at 1368,237 (cursor at 1336,205)
[luiewm:debug] pointer motion: surface=0x7fe859315008 at 1370,235 (cursor at 1338,203)
[luiewm:debug] pointer motion: surface=0x7fe859315008 at 1372,233 (cursor at 1340,201)
[luiewm:debug] pointer motion: surface=0x7fe859315008 at 1373,230 (cursor at 1341,198)
[luiewm:debug] pointer motion: surface=0x7fe859315008 at 1375,230 (cursor at 1343,198)
[luiewm:debug] pointer motion: surface=0x7fe859315008 at 1375,229 (cursor at 1343,197)
[luiewm:debug] pointer motion: surface=0x7fe859315008 at 1376,227 (cursor at 1344,195)
[luiewm:debug] pointer motion: surface=0x7fe859315008 at 1378,225 (cursor at 1346,193)
[luiewm:debug] pointer motion: surface=0x7fe859315008 at 1378,223 (cursor at 1346,191)
[luiewm:debug] pointer motion: surface=0x7fe859315008 at 1380,222 (cursor at 1348,190)
[luiewm:debug] pointer motion: surface=0x7fe859315008 at 1381,221 (cursor at 1349,189)
[luiewm:debug] pointer motion: surface=0x7fe859315008 at 1381,219 (cursor at 1349,187)
[luiewm:debug] pointer motion: surface=0x7fe859315008 at 1383,219 (cursor at 1351,187)
[luiewm:debug] pointer motion: surface=0x7fe859315008 at 1383,217 (cursor at 1351,185)
[luiewm:debug] pointer motion: surface=0x7fe859315008 at 1384,217 (cursor at 1352,185)
[luiewm:debug] pointer motion: surface=0x7fe859315008 at 1384,216 (cursor at 1352,184)
[luiewm:debug] pointer motion: surface=0x7fe859315008 at 1386,216 (cursor at 1354,184)
[luiewm:debug] pointer motion: surface=0x7fe859315008 at 1386,214 (cursor at 1354,182)
[luiewm:debug] pointer motion: surface=0x7fe859315008 at 1386,213 (cursor at 1354,181)
[luiewm:debug] pointer motion: surface=0x7fe859315008 at 1387,213 (cursor at 1355,181)
[luiewm:debug] pointer motion: surface=0x7fe859315008 at 1387,211 (cursor at 1355,179)
[luiewm:debug] pointer motion: surface=0x7fe859315008 at 1389,209 (cursor at 1357,177)
[luiewm:debug] pointer motion: surface=0x7fe859315008 at 1389,208 (cursor at 1357,176)
[luiewm:debug] pointer motion: surface=0x7fe859315008 at 1391,208 (cursor at 1359,176)
[luiewm:debug] pointer motion: surface=0x7fe859315008 at 1391,206 (cursor at 1359,174)
[luiewm:debug] pointer motion: surface=0x7fe859315008 at 1393,204 (cursor at 1361,172)
[luiewm:debug] pointer motion: surface=0x7fe859315008 at 1393,203 (cursor at 1361,171)
[luiewm:debug] pointer motion: surface=0x7fe859315008 at 1394,203 (cursor at 1362,171)
[luiewm:debug] pointer motion: surface=0x7fe859315008 at 1394,201 (cursor at 1362,169)
[luiewm:debug] pointer motion: surface=0x7fe859315008 at 1396,201 (cursor at 1364,169)
[luiewm:debug] pointer motion: surface=0x7fe859315008 at 1396,199 (cursor at 1364,167)
[luiewm:debug] pointer motion: surface=0x7fe859315008 at 1397,198 (cursor at 1365,166)
[luiewm:debug] pointer motion: surface=0x7fe859315008 at 1398,196 (cursor at 1366,164)
[luiewm:debug] pointer motion: surface=0x7fe859315008 at 1398,195 (cursor at 1366,163)
[luiewm:debug] pointer motion: surface=0x7fe859315008 at 1400,194 (cursor at 1368,162)
[luiewm:debug] pointer motion: surface=0x7fe859315008 at 1402,192 (cursor at 1370,160)
[luiewm:debug] pointer motion: surface=0x7fe859315008 at 1403,192 (cursor at 1371,160)
[luiewm:debug] pointer motion: surface=0x7fe859315008 at 1403,190 (cursor at 1371,158)
[luiewm:debug] pointer motion: surface=0x7fe859315008 at 1405,189 (cursor at 1373,157)
[luiewm:debug] pointer motion: surface=0x7fe859315008 at 1406,187 (cursor at 1374,155)
[luiewm:debug] pointer motion: surface=0x7fe859315008 at 1408,186 (cursor at 1376,154)
[luiewm:debug] pointer motion: surface=0x7fe859315008 at 1409,184 (cursor at 1377,152)
[luiewm:debug] pointer motion: surface=0x7fe859315008 at 1410,183 (cursor at 1378,151)
[luiewm:debug] pointer motion: surface=0x7fe859315008 at 1412,182 (cursor at 1380,150)
[luiewm:debug] pointer motion: surface=0x7fe859315008 at 1413,180 (cursor at 1381,148)
[luiewm:debug] pointer motion: surface=0x7fe859315008 at 1415,179 (cursor at 1383,147)
[luiewm:debug] pointer motion: surface=0x7fe859315008 at 1416,179 (cursor at 1384,147)
[luiewm:debug] pointer motion: surface=0x7fe859315008 at 1416,177 (cursor at 1384,145)
[luiewm:debug] pointer motion: surface=0x7fe859315008 at 1417,177 (cursor at 1385,145)
[luiewm:debug] pointer motion: surface=0x7fe859315008 at 1417,176 (cursor at 1385,144)
[luiewm:debug] pointer motion: surface=0x7fe859315008 at 1419,176 (cursor at 1387,144)
[luiewm:debug] pointer motion: surface=0x7fe859315008 at 1420,175 (cursor at 1388,143)
[luiewm:debug] pointer motion: surface=0x7fe859315008 at 1421,173 (cursor at 1389,141)
[luiewm:debug] pointer motion: surface=0x7fe859315008 at 1423,173 (cursor at 1391,141)
[luiewm:debug] pointer motion: surface=0x7fe859315008 at 1423,172 (cursor at 1391,140)
[luiewm:debug] pointer motion: surface=0x7fe859315008 at 1424,172 (cursor at 1392,140)
[luiewm:debug] pointer motion: surface=0x7fe859315008 at 1424,170 (cursor at 1392,138)
[luiewm:debug] pointer motion: surface=0x7fe859315008 at 1426,170 (cursor at 1394,138)
[luiewm:debug] pointer motion: surface=0x7fe859315008 at 1427,169 (cursor at 1395,137)
[luiewm:debug] pointer motion: surface=0x7fe859315008 at 1428,169 (cursor at 1396,137)
[luiewm:debug] pointer motion: surface=0x7fe859315008 at 1428,168 (cursor at 1396,136)
[luiewm:debug] pointer motion: surface=0x7fe859315008 at 1429,168 (cursor at 1397,136)
[luiewm:debug] pointer motion: surface=0x7fe859315008 at 1430,167 (cursor at 1398,135)
[luiewm:debug] pointer motion: surface=0x7fe859315008 at 1431,167 (cursor at 1399,135)
[luiewm:debug] pointer motion: surface=0x7fe859315008 at 1431,166 (cursor at 1399,134)
[luiewm:debug] pointer motion: surface=0x7fe859315008 at 1432,166 (cursor at 1400,134)
[luiewm:debug] pointer motion: surface=0x7fe859315008 at 1433,166 (cursor at 1401,134)
[luiewm:debug] pointer motion: surface=0x7fe859315008 at 1433,165 (cursor at 1401,133)
[luiewm:debug] pointer motion: surface=0x7fe859315008 at 1434,165 (cursor at 1402,133)
[luiewm:debug] pointer motion: surface=0x7fe859315008 at 1435,165 (cursor at 1403,133)
[luiewm:debug] pointer motion: surface=0x7fe859315008 at 1435,164 (cursor at 1403,132)
[luiewm:debug] pointer motion: surface=0x7fe859315008 at 1436,164 (cursor at 1404,132)
[luiewm:debug] pointer motion: surface=0x7fe859315008 at 1437,164 (cursor at 1405,132)
[luiewm:debug] pointer motion: surface=0x7fe859315008 at 1437,163 (cursor at 1405,131)
[luiewm:debug] pointer motion: surface=0x7fe859315008 at 1439,163 (cursor at 1407,131)
[luiewm:debug] pointer motion: surface=0x7fe859315008 at 1440,163 (cursor at 1408,131)
[luiewm:debug] pointer motion: surface=0x7fe859315008 at 1441,162 (cursor at 1409,130)
[luiewm:debug] pointer motion: surface=0x7fe859315008 at 1442,162 (cursor at 1410,130)
[luiewm:debug] pointer motion: surface=0x7fe859315008 at 1444,160 (cursor at 1412,128)
[luiewm:debug] pointer motion: surface=0x7fe859315008 at 1445,160 (cursor at 1413,128)
[luiewm:debug] pointer motion: surface=0x7fe859315008 at 1446,160 (cursor at 1414,128)
[luiewm:debug] pointer motion: surface=0x7fe859315008 at 1447,159 (cursor at 1415,127)
[luiewm:debug] pointer motion: surface=0x7fe859315008 at 1449,159 (cursor at 1417,127)
[luiewm:debug] pointer motion: surface=0x7fe859315008 at 1451,159 (cursor at 1419,127)
[luiewm:debug] pointer motion: surface=0x7fe859315008 at 1451,157 (cursor at 1419,125)
[luiewm:debug] pointer motion: surface=0x7fe859315008 at 1453,157 (cursor at 1421,125)
[luiewm:debug] pointer motion: surface=0x7fe859315008 at 1454,157 (cursor at 1422,125)
[luiewm:debug] pointer motion: surface=0x7fe859315008 at 1456,157 (cursor at 1424,125)
[luiewm:debug] pointer motion: surface=0x7fe859315008 at 1456,155 (cursor at 1424,123)
[luiewm:debug] pointer motion: surface=0x7fe859315008 at 1457,155 (cursor at 1425,123)
[luiewm:debug] pointer motion: surface=0x7fe859315008 at 1459,155 (cursor at 1427,123)
[luiewm:debug] pointer motion: surface=0x7fe859315008 at 1460,155 (cursor at 1428,123)
[luiewm:debug] pointer motion: surface=0x7fe859315008 at 1462,154 (cursor at 1430,122)
[luiewm:debug] pointer motion: surface=0x7fe859315008 at 1464,154 (cursor at 1432,122)
[luiewm:debug] pointer motion: surface=0x7fe859315008 at 1466,152 (cursor at 1434,120)
[luiewm:debug] pointer motion: surface=0x7fe859315008 at 1468,152 (cursor at 1436,120)
[luiewm:debug] pointer motion: surface=0x7fe859315008 at 1470,152 (cursor at 1438,120)
[luiewm:debug] pointer motion: surface=0x7fe859315008 at 1471,152 (cursor at 1439,120)
[luiewm:debug] pointer motion: surface=0x7fe859315008 at 1473,152 (cursor at 1441,120)
[luiewm:debug] pointer motion: surface=0x7fe859315008 at 1475,150 (cursor at 1443,118)
[luiewm:debug] pointer motion: surface=0x7fe859315008 at 1477,150 (cursor at 1445,118)
[luiewm:debug] pointer motion: surface=0x7fe859315008 at 1478,150 (cursor at 1446,118)
[luiewm:debug] pointer motion: surface=0x7fe859315008 at 1480,148 (cursor at 1448,116)
[luiewm:debug] pointer motion: surface=0x7fe859315008 at 1482,148 (cursor at 1450,116)
[luiewm:debug] pointer motion: surface=0x7fe859315008 at 1484,148 (cursor at 1452,116)
[luiewm:debug] pointer motion: surface=0x7fe859315008 at 1485,148 (cursor at 1453,116)
[luiewm:debug] pointer motion: surface=0x7fe859315008 at 1487,146 (cursor at 1455,114)
[luiewm:debug] pointer motion: surface=0x7fe859315008 at 1489,146 (cursor at 1457,114)
[luiewm:debug] pointer motion: surface=0x7fe859315008 at 1491,146 (cursor at 1459,114)
[luiewm:debug] pointer motion: surface=0x7fe859315008 at 1493,144 (cursor at 1461,112)
[luiewm:debug] pointer motion: surface=0x7fe859315008 at 1494,144 (cursor at 1462,112)
[luiewm:debug] pointer motion: surface=0x7fe859315008 at 1496,144 (cursor at 1464,112)
[luiewm:debug] pointer motion: surface=0x7fe859315008 at 1498,144 (cursor at 1466,112)
[luiewm:debug] pointer motion: surface=0x7fe859315008 at 1499,144 (cursor at 1467,112)
[luiewm:debug] pointer motion: surface=0x7fe859315008 at 1501,142 (cursor at 1469,110)
[luiewm:debug] pointer motion: surface=0x7fe859315008 at 1503,142 (cursor at 1471,110)
[luiewm:debug] pointer motion: surface=0x7fe859315008 at 1505,142 (cursor at 1473,110)
[luiewm:debug] pointer motion: surface=0x7fe859315008 at 1506,142 (cursor at 1474,110)
[luiewm:debug] pointer motion: surface=0x7fe859315008 at 1508,140 (cursor at 1476,108)
[luiewm:debug] pointer motion: surface=0x7fe859315008 at 1510,140 (cursor at 1478,108)
[luiewm:debug] pointer motion: surface=0x7fe859315008 at 1512,140 (cursor at 1480,108)
[luiewm:debug] pointer motion: surface=0x7fe859315008 at 1514,140 (cursor at 1482,108)
[luiewm:debug] pointer motion: surface=0x7fe859315008 at 1515,139 (cursor at 1483,107)
[luiewm:debug] pointer motion: surface=0x7fe859315008 at 1517,139 (cursor at 1485,107)
[luiewm:debug] pointer motion: surface=0x7fe859315008 at 1519,139 (cursor at 1487,107)
[luiewm:debug] pointer motion: surface=0x7fe859315008 at 1521,139 (cursor at 1489,107)
[luiewm:debug] pointer motion: surface=0x7fe859315008 at 1522,139 (cursor at 1490,107)
[luiewm:debug] pointer motion: surface=0x7fe859315008 at 1524,137 (cursor at 1492,105)
[luiewm:debug] pointer motion: surface=0x7fe859315008 at 1526,137 (cursor at 1494,105)
[luiewm:debug] pointer motion: surface=0x7fe859315008 at 1527,137 (cursor at 1495,105)
[luiewm:debug] pointer motion: surface=0x7fe859315008 at 1529,137 (cursor at 1497,105)
[luiewm:debug] pointer motion: surface=0x7fe859315008 at 1530,137 (cursor at 1498,105)
[luiewm:debug] pointer motion: surface=0x7fe859315008 at 1532,135 (cursor at 1500,103)
[luiewm:debug] pointer motion: surface=0x7fe859315008 at 1534,135 (cursor at 1502,103)
[luiewm:debug] pointer motion: surface=0x7fe859315008 at 1535,135 (cursor at 1503,103)
[luiewm:debug] pointer motion: surface=0x7fe859315008 at 1537,135 (cursor at 1505,103)
[luiewm:debug] pointer motion: surface=0x7fe859315008 at 1539,135 (cursor at 1507,103)
[luiewm:debug] pointer motion: surface=0x7fe859315008 at 1540,133 (cursor at 1508,101)
[luiewm:debug] pointer motion: surface=0x7fe859315008 at 1542,133 (cursor at 1510,101)
[luiewm:debug] pointer motion: surface=0x7fe859315008 at 1544,133 (cursor at 1512,101)
[luiewm:debug] pointer motion: surface=0x7fe859315008 at 1545,133 (cursor at 1513,101)
[luiewm:debug] pointer motion: surface=0x7fe859315008 at 1546,133 (cursor at 1514,101)
[luiewm:debug] pointer motion: surface=0x7fe859315008 at 1548,132 (cursor at 1516,100)
[luiewm:debug] pointer motion: surface=0x7fe859315008 at 1549,132 (cursor at 1517,100)
[luiewm:debug] pointer motion: surface=0x7fe859315008 at 1550,132 (cursor at 1518,100)
[luiewm:debug] pointer motion: surface=0x7fe859315008 at 1551,132 (cursor at 1519,100)
[luiewm:debug] pointer motion: surface=0x7fe859315008 at 1552,132 (cursor at 1520,100)
[luiewm:debug] pointer motion: surface=0x7fe859315008 at 1553,131 (cursor at 1521,99)
[luiewm:debug] pointer motion: surface=0x7fe859315008 at 1554,131 (cursor at 1522,99)
[luiewm:debug] pointer motion: surface=0x7fe859315008 at 1555,131 (cursor at 1523,99)
[luiewm:debug] pointer motion: surface=0x7fe859315008 at 1556,131 (cursor at 1524,99)
[luiewm:debug] draw view: quad=13,13 1894x1054 tex=1984x1144 ptr=ok opacity=1 geo=45,45 1894x1054
[luiewm:debug] pointer motion: surface=0x7fe859315008 at 1556,130 (cursor at 1524,98)
[luiewm:debug] pointer motion: surface=0x7fe859315008 at 1556,130 (cursor at 1524,98)
[luiewm:debug] pointer motion: surface=0x7fe859315008 at 1557,130 (cursor at 1525,98)
[luiewm:debug] pointer motion: surface=0x7fe859315008 at 1557,128 (cursor at 1525,96)
[luiewm:debug] pointer motion: surface=0x7fe859315008 at 1557,127 (cursor at 1525,95)
[luiewm:debug] pointer motion: surface=0x7fe859315008 at 1557,126 (cursor at 1525,94)
[luiewm:debug] pointer motion: surface=0x7fe859315008 at 1559,126 (cursor at 1527,94)
[luiewm:debug] pointer motion: surface=0x7fe859315008 at 1559,125 (cursor at 1527,93)
[luiewm:debug] pointer motion: surface=0x7fe859315008 at 1560,125 (cursor at 1528,93)
[luiewm:debug] pointer motion: surface=0x7fe859315008 at 1560,124 (cursor at 1528,92)
[luiewm:debug] pointer motion: surface=0x7fe859315008 at 1560,125 (cursor at 1528,93)
[luiewm:debug] pointer motion: surface=0x7fe859315008 at 1560,126 (cursor at 1528,94)
[luiewm:debug] pointer motion: surface=0x7fe859315008 at 1560,127 (cursor at 1528,95)
[luiewm:debug] pointer motion: surface=0x7fe859315008 at 1560,128 (cursor at 1528,96)
[luiewm:debug] pointer motion: surface=0x7fe859315008 at 1560,129 (cursor at 1528,97)
[luiewm:debug] pointer motion: surface=0x7fe859315008 at 1560,130 (cursor at 1528,98)
[luiewm:debug] pointer motion: surface=0x7fe859315008 at 1560,131 (cursor at 1528,99)
[luiewm:debug] pointer motion: surface=0x7fe859315008 at 1560,132 (cursor at 1528,100)
[luiewm:debug] pointer motion: surface=0x7fe859315008 at 1560,133 (cursor at 1528,101)
[luiewm:debug] pointer motion: surface=0x7fe859315008 at 1560,134 (cursor at 1528,102)
[luiewm:debug] pointer motion: surface=0x7fe859315008 at 1560,135 (cursor at 1528,103)
[luiewm:debug] pointer motion: surface=0x7fe859315008 at 1560,136 (cursor at 1528,104)
[luiewm:debug] pointer motion: surface=0x7fe859315008 at 1560,137 (cursor at 1528,105)
[luiewm:debug] pointer motion: surface=0x7fe859315008 at 1560,138 (cursor at 1528,106)
[luiewm:debug] pointer motion: surface=0x7fe859315008 at 1559,138 (cursor at 1527,106)
[luiewm:debug] pointer motion: surface=0x7fe859315008 at 1559,139 (cursor at 1527,107)
[luiewm:debug] pointer motion: surface=0x7fe859315008 at 1559,140 (cursor at 1527,108)
[luiewm:debug] pointer motion: surface=0x7fe859315008 at 1559,141 (cursor at 1527,109)
00:00:06.142 [DEBUG] [types/wlr_compositor.c:785] New wlr_surface 0x55b4c186e390 (res 0x55b4c1836b60)
00:00:06.142 [DEBUG] [types/wlr_compositor.c:785] New wlr_surface 0x55b4c18506a0 (res 0x55b4c18564a0)
[luiewm:debug] draw view: quad=13,13 1894x1054 tex=1984x1144 ptr=ok opacity=1 geo=45,45 1894x1054
[luiewm:debug] frame_done #241 -> Mozilla Firefox
[luiewm:debug] server: focus_view Mozilla Firefox
[luiewm:debug] focus: Mozilla Firefox
[luiewm:debug] focus: keyboard enter for Mozilla Firefox
[luiewm:debug] ack_configure: received for Mozilla Firefox, queue=0
00:00:06.691 [DEBUG] [types/wlr_compositor.c:785] New wlr_surface 0x55b4c1850a70 (res 0x55b4c184d7e0)
00:00:06.691 [DEBUG] [types/wlr_compositor.c:785] New wlr_surface 0x55b4c1850e40 (res 0x55b4c1772f70)
[luiewm:debug] xdg commit Mozilla Firefox: surf=1984x1144 tex=1984x1144 committed=0 geo=45,45 1894x1054
00:00:06.706 [DEBUG] [types/xdg_shell/wlr_xdg_surface.c:441] new xdg_surface 0x55b4c153db70 (res 0x55b4c1857c40)
[luiewm:debug] popup created for Mozilla Firefox
[luiewm:debug] popup configure: initialized=true
[luiewm:debug] popup mapped 199x231
[luiewm:debug] popup draw at 1525,108 199x231
[luiewm:debug] draw view: quad=13,13 1894x1054 tex=1984x1144 ptr=ok opacity=1 geo=45,45 1894x1054
[luiewm:debug] pointer motion: surface=0x7fe85931cc60 at 2,1 (cursor at 1527,109)
[luiewm:debug] request_set_shape default
[luiewm:debug] request_set_shape default
[luiewm:debug] pointer motion: surface=0x7fe85931cc60 at 3,1 (cursor at 1528,109)
[luiewm:debug] pointer motion: surface=0x7fe85931cc60 at 4,1 (cursor at 1529,109)
[luiewm:debug] pointer motion: surface=0x7fe85931cc60 at 5,1 (cursor at 1530,109)
[luiewm:debug] pointer motion: surface=0x7fe85931cc60 at 6,1 (cursor at 1531,109)
[luiewm:debug] pointer motion: surface=0x7fe85931cc60 at 7,1 (cursor at 1532,109)
[luiewm:debug] pointer motion: surface=0x7fe85931cc60 at 8,1 (cursor at 1533,109)
[luiewm:debug] pointer motion: surface=0x7fe85931cc60 at 10,1 (cursor at 1535,109)
[luiewm:debug] pointer motion: surface=0x7fe85931cc60 at 11,1 (cursor at 1536,109)
[luiewm:debug] pointer motion: surface=0x7fe85931cc60 at 13,1 (cursor at 1538,109)
[luiewm:debug] pointer motion: surface=0x7fe85931cc60 at 14,1 (cursor at 1539,109)
[luiewm:debug] pointer motion: surface=0x7fe85931cc60 at 16,1 (cursor at 1541,109)
[luiewm:debug] pointer motion: surface=0x7fe85931cc60 at 17,1 (cursor at 1542,109)
[luiewm:debug] pointer motion: surface=0x7fe85931cc60 at 19,1 (cursor at 1544,109)
[luiewm:debug] pointer motion: surface=0x7fe85931cc60 at 21,1 (cursor at 1546,109)
[luiewm:debug] pointer motion: surface=0x7fe85931cc60 at 22,1 (cursor at 1547,109)
[luiewm:debug] pointer motion: surface=0x7fe85931cc60 at 24,1 (cursor at 1549,109)
[luiewm:debug] pointer motion: surface=0x7fe85931cc60 at 26,1 (cursor at 1551,109)
[luiewm:debug] pointer motion: surface=0x7fe85931cc60 at 27,1 (cursor at 1552,109)
[luiewm:debug] pointer motion: surface=0x7fe85931cc60 at 29,1 (cursor at 1554,109)
[luiewm:debug] pointer motion: surface=0x7fe85931cc60 at 31,1 (cursor at 1556,109)
[luiewm:debug] pointer motion: surface=0x7fe85931cc60 at 32,1 (cursor at 1557,109)
[luiewm:debug] pointer motion: surface=0x7fe85931cc60 at 34,1 (cursor at 1559,109)
[luiewm:debug] pointer motion: surface=0x7fe85931cc60 at 35,1 (cursor at 1560,109)
[luiewm:debug] pointer motion: surface=0x7fe85931cc60 at 37,1 (cursor at 1562,109)
[luiewm:debug] pointer motion: surface=0x7fe85931cc60 at 39,1 (cursor at 1564,109)
[luiewm:debug] pointer motion: surface=0x7fe85931cc60 at 40,1 (cursor at 1565,109)
[luiewm:debug] pointer motion: surface=0x7fe85931cc60 at 42,1 (cursor at 1567,109)
[luiewm:debug] pointer motion: surface=0x7fe85931cc60 at 43,1 (cursor at 1568,109)
[luiewm:debug] pointer motion: surface=0x7fe85931cc60 at 45,1 (cursor at 1570,109)
[luiewm:debug] pointer motion: surface=0x7fe85931cc60 at 47,1 (cursor at 1572,109)
[luiewm:debug] pointer motion: surface=0x7fe85931cc60 at 48,1 (cursor at 1573,109)
[luiewm:debug] pointer motion: surface=0x7fe85931cc60 at 50,1 (cursor at 1575,109)
[luiewm:debug] pointer motion: surface=0x7fe85931cc60 at 52,1 (cursor at 1577,109)
[luiewm:debug] pointer motion: surface=0x7fe85931cc60 at 56,1 (cursor at 1581,109)
[luiewm:debug] pointer motion: surface=0x7fe85931cc60 at 58,1 (cursor at 1583,109)
[luiewm:debug] pointer motion: surface=0x7fe85931cc60 at 59,1 (cursor at 1584,109)
[luiewm:debug] pointer motion: surface=0x7fe85931cc60 at 61,1 (cursor at 1586,109)
[luiewm:debug] pointer motion: surface=0x7fe85931cc60 at 65,1 (cursor at 1590,109)
[luiewm:debug] pointer motion: surface=0x7fe85931cc60 at 67,1 (cursor at 1592,109)
[luiewm:debug] pointer motion: surface=0x7fe85931cc60 at 68,1 (cursor at 1593,109)
[luiewm:debug] pointer motion: surface=0x7fe85931cc60 at 72,1 (cursor at 1597,109)
[luiewm:debug] pointer motion: surface=0x7fe85931cc60 at 76,1 (cursor at 1601,109)
[luiewm:debug] pointer motion: surface=0x7fe85931cc60 at 78,1 (cursor at 1603,109)
[luiewm:debug] pointer motion: surface=0x7fe85931cc60 at 82,1 (cursor at 1607,109)
[luiewm:debug] pointer motion: surface=0x7fe85931cc60 at 84,1 (cursor at 1609,109)
[luiewm:debug] pointer motion: surface=0x7fe85931cc60 at 88,1 (cursor at 1613,109)
[luiewm:debug] pointer motion: surface=0x7fe85931cc60 at 90,1 (cursor at 1615,109)
[luiewm:debug] pointer motion: surface=0x7fe85931cc60 at 92,1 (cursor at 1617,109)
[luiewm:debug] pointer motion: surface=0x7fe85931cc60 at 95,1 (cursor at 1620,109)
[luiewm:debug] pointer motion: surface=0x7fe85931cc60 at 97,1 (cursor at 1622,109)
[luiewm:debug] pointer motion: surface=0x7fe859315008 at 1658,140 (cursor at 1626,108)
[luiewm:debug] pointer motion: surface=0x7fe859315008 at 1660,140 (cursor at 1628,108)
[luiewm:debug] pointer motion: surface=0x7fe859315008 at 1664,140 (cursor at 1632,108)
[luiewm:debug] pointer motion: surface=0x7fe859315008 at 1668,140 (cursor at 1636,108)
[luiewm:debug] pointer motion: surface=0x7fe859315008 at 1672,140 (cursor at 1640,108)
[luiewm:debug] pointer motion: surface=0x7fe859315008 at 1676,140 (cursor at 1644,108)
[luiewm:debug] pointer motion: surface=0x7fe859315008 at 1678,140 (cursor at 1646,108)
[luiewm:debug] pointer motion: surface=0x7fe859315008 at 1680,140 (cursor at 1648,108)
[luiewm:debug] pointer motion: surface=0x7fe859315008 at 1684,140 (cursor at 1652,108)
[luiewm:debug] pointer motion: surface=0x7fe859315008 at 1688,140 (cursor at 1656,108)
[luiewm:debug] pointer motion: surface=0x7fe859315008 at 1692,140 (cursor at 1660,108)
[luiewm:debug] request_set_shape default
[luiewm:debug] request_set_shape default
[luiewm:debug] pointer motion: surface=0x7fe859315008 at 1696,140 (cursor at 1664,108)
[luiewm:debug] pointer motion: surface=0x7fe859315008 at 1697,140 (cursor at 1665,108)
[luiewm:debug] pointer motion: surface=0x7fe859315008 at 1699,140 (cursor at 1667,108)
[luiewm:debug] pointer motion: surface=0x7fe859315008 at 1703,140 (cursor at 1671,108)
[luiewm:debug] pointer motion: surface=0x7fe859315008 at 1705,140 (cursor at 1673,108)
[luiewm:debug] pointer motion: surface=0x7fe859315008 at 1709,140 (cursor at 1677,108)
[luiewm:debug] pointer motion: surface=0x7fe859315008 at 1713,140 (cursor at 1681,108)
[luiewm:debug] pointer motion: surface=0x7fe859315008 at 1717,140 (cursor at 1685,108)
[luiewm:debug] pointer motion: surface=0x7fe859315008 at 1723,138 (cursor at 1691,106)
[luiewm:debug] pointer motion: surface=0x7fe859315008 at 1725,138 (cursor at 1693,106)
[luiewm:debug] pointer motion: surface=0x7fe859315008 at 1729,138 (cursor at 1697,106)
[luiewm:debug] pointer motion: surface=0x7fe859315008 at 1733,138 (cursor at 1701,106)
[luiewm:debug] pointer motion: surface=0x7fe859315008 at 1735,138 (cursor at 1703,106)
[luiewm:debug] pointer motion: surface=0x7fe859315008 at 1739,138 (cursor at 1707,106)
[luiewm:debug] pointer motion: surface=0x7fe859315008 at 1743,138 (cursor at 1711,106)
[luiewm:debug] pointer motion: surface=0x7fe859315008 at 1744,138 (cursor at 1712,106)
[luiewm:debug] pointer motion: surface=0x7fe859315008 at 1748,138 (cursor at 1716,106)
[luiewm:debug] pointer motion: surface=0x7fe859315008 at 1752,138 (cursor at 1720,106)
[luiewm:debug] pointer motion: surface=0x7fe859315008 at 1756,138 (cursor at 1724,106)
[luiewm:debug] pointer motion: surface=0x7fe859315008 at 1760,138 (cursor at 1728,106)
[luiewm:debug] pointer motion: surface=0x7fe859315008 at 1764,138 (cursor at 1732,106)
[luiewm:debug] pointer motion: surface=0x7fe859315008 at 1768,138 (cursor at 1736,106)
[luiewm:debug] pointer motion: surface=0x7fe859315008 at 1772,138 (cursor at 1740,106)
[luiewm:debug] pointer motion: surface=0x7fe859315008 at 1776,138 (cursor at 1744,106)
[luiewm:debug] pointer motion: surface=0x7fe859315008 at 1778,138 (cursor at 1746,106)
[luiewm:debug] pointer motion: surface=0x7fe859315008 at 1781,138 (cursor at 1749,106)
[luiewm:debug] pointer motion: surface=0x7fe859315008 at 1787,138 (cursor at 1755,106)
[luiewm:debug] pointer motion: surface=0x7fe859315008 at 1789,138 (cursor at 1757,106)
[luiewm:debug] pointer motion: surface=0x7fe859315008 at 1793,138 (cursor at 1761,106)
[luiewm:debug] pointer motion: surface=0x7fe859315008 at 1795,138 (cursor at 1763,106)
[luiewm:debug] pointer motion: surface=0x7fe859315008 at 1797,138 (cursor at 1765,106)
[luiewm:debug] pointer motion: surface=0x7fe859315008 at 1801,138 (cursor at 1769,106)
[luiewm:debug] pointer motion: surface=0x7fe859315008 at 1805,138 (cursor at 1773,106)
[luiewm:debug] pointer motion: surface=0x7fe859315008 at 1807,138 (cursor at 1775,106)
[luiewm:debug] pointer motion: surface=0x7fe859315008 at 1811,138 (cursor at 1779,106)
[luiewm:debug] pointer motion: surface=0x7fe859315008 at 1812,138 (cursor at 1780,106)
[luiewm:debug] pointer motion: surface=0x7fe859315008 at 1816,138 (cursor at 1784,106)
[luiewm:debug] pointer motion: surface=0x7fe859315008 at 1818,138 (cursor at 1786,106)
[luiewm:debug] pointer motion: surface=0x7fe859315008 at 1820,138 (cursor at 1788,106)
[luiewm:debug] pointer motion: surface=0x7fe859315008 at 1822,138 (cursor at 1790,106)
[luiewm:debug] pointer motion: surface=0x7fe859315008 at 1826,138 (cursor at 1794,106)
[luiewm:debug] pointer motion: surface=0x7fe859315008 at 1828,138 (cursor at 1796,106)
[luiewm:debug] pointer motion: surface=0x7fe859315008 at 1829,138 (cursor at 1797,106)
[luiewm:debug] pointer motion: surface=0x7fe859315008 at 1833,138 (cursor at 1801,106)
[luiewm:debug] pointer motion: surface=0x7fe859315008 at 1837,138 (cursor at 1805,106)
[luiewm:debug] pointer motion: surface=0x7fe859315008 at 1839,138 (cursor at 1807,106)
[luiewm:debug] pointer motion: surface=0x7fe859315008 at 1841,138 (cursor at 1809,106)
[luiewm:debug] pointer motion: surface=0x7fe859315008 at 1842,138 (cursor at 1810,106)
[luiewm:debug] pointer motion: surface=0x7fe859315008 at 1846,138 (cursor at 1814,106)
[luiewm:debug] pointer motion: surface=0x7fe859315008 at 1848,138 (cursor at 1816,106)
[luiewm:debug] pointer motion: surface=0x7fe859315008 at 1852,138 (cursor at 1820,106)
[luiewm:debug] pointer motion: surface=0x7fe859315008 at 1854,138 (cursor at 1822,106)
[luiewm:debug] pointer motion: surface=0x7fe859315008 at 1856,138 (cursor at 1824,106)
[luiewm:debug] pointer motion: surface=0x7fe859315008 at 1857,138 (cursor at 1825,106)
[luiewm:debug] pointer motion: surface=0x7fe859315008 at 1859,138 (cursor at 1827,106)
[luiewm:debug] pointer motion: surface=0x7fe859315008 at 1861,138 (cursor at 1829,106)
[luiewm:debug] pointer motion: surface=0x7fe859315008 at 1863,138 (cursor at 1831,106)
[luiewm:debug] pointer motion: surface=0x7fe859315008 at 1864,138 (cursor at 1832,106)
[luiewm:debug] pointer motion: surface=0x7fe859315008 at 1866,138 (cursor at 1834,106)
[luiewm:debug] pointer motion: surface=0x7fe859315008 at 1867,138 (cursor at 1835,106)
[luiewm:debug] pointer motion: surface=0x7fe859315008 at 1869,138 (cursor at 1837,106)
[luiewm:debug] pointer motion: surface=0x7fe859315008 at 1871,138 (cursor at 1839,106)
[luiewm:debug] pointer motion: surface=0x7fe859315008 at 1873,138 (cursor at 1841,106)
[luiewm:debug] pointer motion: surface=0x7fe859315008 at 1874,138 (cursor at 1842,106)
[luiewm:debug] pointer motion: surface=0x7fe859315008 at 1876,138 (cursor at 1844,106)
[luiewm:debug] pointer motion: surface=0x7fe859315008 at 1878,138 (cursor at 1846,106)
[luiewm:debug] pointer motion: surface=0x7fe859315008 at 1879,138 (cursor at 1847,106)
[luiewm:debug] pointer motion: surface=0x7fe859315008 at 1881,138 (cursor at 1849,106)
[luiewm:debug] pointer motion: surface=0x7fe859315008 at 1883,138 (cursor at 1851,106)
[luiewm:debug] pointer motion: surface=0x7fe859315008 at 1887,138 (cursor at 1855,106)
[luiewm:debug] pointer motion: surface=0x7fe859315008 at 1889,138 (cursor at 1857,106)
[luiewm:debug] pointer motion: surface=0x7fe859315008 at 1890,138 (cursor at 1858,106)
[luiewm:debug] pointer motion: surface=0x7fe859315008 at 1892,138 (cursor at 1860,106)
[luiewm:debug] pointer motion: surface=0x7fe859315008 at 1894,138 (cursor at 1862,106)
[luiewm:debug] pointer motion: surface=0x7fe859315008 at 1895,138 (cursor at 1863,106)
[luiewm:debug] pointer motion: surface=0x7fe859315008 at 1897,138 (cursor at 1865,106)
[luiewm:debug] pointer motion: surface=0x7fe859315008 at 1898,138 (cursor at 1866,106)
[luiewm:debug] pointer motion: surface=0x7fe859315008 at 1900,138 (cursor at 1868,106)
[luiewm:debug] pointer motion: surface=0x7fe859315008 at 1902,138 (cursor at 1870,106)
[luiewm:debug] pointer motion: surface=0x7fe859315008 at 1903,138 (cursor at 1871,106)
[luiewm:debug] pointer motion: surface=0x7fe859315008 at 1905,138 (cursor at 1873,106)
[luiewm:debug] pointer motion: surface=0x7fe859315008 at 1907,138 (cursor at 1875,106)
[luiewm:debug] pointer motion: surface=0x7fe859315008 at 1909,138 (cursor at 1877,106)
[luiewm:debug] pointer motion: surface=0x7fe859315008 at 1910,138 (cursor at 1878,106)
[luiewm:debug] pointer motion: surface=0x7fe859315008 at 1911,138 (cursor at 1879,106)
[luiewm:debug] pointer motion: surface=0x7fe859315008 at 1913,138 (cursor at 1881,106)
[luiewm:debug] pointer motion: surface=0x7fe859315008 at 1915,138 (cursor at 1883,106)
[luiewm:debug] pointer motion: surface=0x7fe859315008 at 1916,138 (cursor at 1884,106)
[luiewm:debug] pointer motion: surface=0x7fe859315008 at 1918,138 (cursor at 1886,106)
[luiewm:debug] pointer motion: surface=0x7fe859315008 at 1920,138 (cursor at 1888,106)
[luiewm:debug] pointer motion: surface=0x7fe859315008 at 1921,138 (cursor at 1889,106)
[luiewm:debug] pointer motion: surface=0x7fe859315008 at 1923,138 (cursor at 1891,106)
[luiewm:debug] pointer motion: surface=0x7fe859315008 at 1925,138 (cursor at 1893,106)
[luiewm:debug] pointer motion: surface=0x7fe859315008 at 1926,138 (cursor at 1894,106)
[luiewm:debug] pointer motion: surface=0x7fe859315008 at 1927,138 (cursor at 1895,106)
[luiewm:debug] pointer motion: surface=0x7fe859315008 at 1929,138 (cursor at 1897,106)
[luiewm:debug] pointer motion: surface=0x7fe859315008 at 1931,138 (cursor at 1899,106)
[luiewm:debug] pointer motion: surface=0x7fe859315008 at 1932,138 (cursor at 1900,106)
[luiewm:debug] pointer motion: surface=0x7fe859315008 at 1934,138 (cursor at 1902,106)
[luiewm:debug] pointer motion: surface=0x7fe859315008 at 1936,138 (cursor at 1904,106)
[luiewm:debug] pointer motion: surface=0x7fe859315008 at 1937,138 (cursor at 1905,106)
[luiewm:debug] pointer motion: surface=0x7fe859315008 at 1939,138 (cursor at 1907,106)
[luiewm:debug] pointer motion: surface=0x7fe859315008 at 1940,138 (cursor at 1908,106)
[luiewm:debug] request_set_shape e-resize
[luiewm:debug] pointer motion: surface=0x7fe859315008 at 1942,138 (cursor at 1910,106)
[luiewm:debug] pointer motion: surface=0x7fe859315008 at 1943,138 (cursor at 1911,106)
00:00:07.558 [DEBUG] [render/swapchain.c:103] Allocating new swapchain buffer
00:00:07.558 [DEBUG] [render/allocator/drm_dumb.c:105] Allocated 64x64 DRM dumb buffer
00:00:07.558 [DEBUG] [render/pixman/renderer.c:186] Created pixman buffer 64x64
[luiewm:debug] pointer motion: surface=0x7fe859315008 at 1944,109 (cursor at 1912,77)
[luiewm:debug] request_set_shape e-resize
[luiewm:debug] pointer motion: surface=0x7fe859315008 at 1943,108 (cursor at 1911,76)
[luiewm:debug] pointer motion: surface=0x7fe859315008 at 1942,108 (cursor at 1910,76)
[luiewm:debug] pointer motion: surface=0x7fe859315008 at 1941,108 (cursor at 1909,76)
[luiewm:debug] pointer motion: surface=0x7fe859315008 at 1940,108 (cursor at 1908,76)
[luiewm:debug] pointer motion: surface=0x7fe859315008 at 1940,106 (cursor at 1908,74)
[luiewm:debug] pointer motion: surface=0x7fe859315008 at 1939,106 (cursor at 1907,74)
[luiewm:debug] request_set_shape default
[luiewm:debug] pointer motion: surface=0x7fe859315008 at 1938,106 (cursor at 1906,74)
[luiewm:debug] pointer motion: surface=0x7fe859315008 at 1937,106 (cursor at 1905,74)
[luiewm:debug] pointer motion: surface=0x7fe859315008 at 1936,106 (cursor at 1904,74)
[luiewm:debug] pointer motion: surface=0x7fe859315008 at 1935,106 (cursor at 1903,74)
[luiewm:debug] pointer motion: surface=0x7fe859315008 at 1934,106 (cursor at 1902,74)
[luiewm:debug] pointer motion: surface=0x7fe859315008 at 1933,106 (cursor at 1901,74)
[luiewm:debug] pointer motion: surface=0x7fe859315008 at 1932,106 (cursor at 1900,74)
[luiewm:debug] pointer motion: surface=0x7fe859315008 at 1931,106 (cursor at 1899,74)
[luiewm:debug] pointer motion: surface=0x7fe859315008 at 1930,106 (cursor at 1898,74)
[luiewm:debug] pointer motion: surface=0x7fe859315008 at 1929,106 (cursor at 1897,74)
[luiewm:debug] pointer motion: surface=0x7fe859315008 at 1928,106 (cursor at 1896,74)
[luiewm:debug] pointer motion: surface=0x7fe859315008 at 1927,106 (cursor at 1895,74)
[luiewm:debug] pointer motion: surface=0x7fe859315008 at 1927,108 (cursor at 1895,76)
[luiewm:debug] pointer motion: surface=0x7fe859315008 at 1925,108 (cursor at 1893,76)
[luiewm:debug] pointer motion: surface=0x7fe859315008 at 1925,108 (cursor at 1893,76)
[luiewm:debug] pointer motion: surface=0x7fe859315008 at 1925,108 (cursor at 1893,76)
[luiewm:debug] server: focus_view Mozilla Firefox
[luiewm:debug] focus: Mozilla Firefox
[luiewm:debug] focus: keyboard enter for Mozilla Firefox
[luiewm:debug] ack_configure: received for Mozilla Firefox, queue=0
[luiewm:debug] popup unmapped
[luiewm:debug] xdg commit Mozilla Firefox: surf=1984x1144 tex=1984x1144 committed=0 geo=45,45 1894x1054
[luiewm:debug] draw view: quad=13,13 1894x1054 tex=1984x1144 ptr=ok opacity=1 geo=45,45 1894x1054
[luiewm:debug] frame_done #361 -> Mozilla Firefox
[luiewm:debug] pointer motion: surface=0x7fe859315008 at 1925,109 (cursor at 1893,77)
[luiewm:debug] pointer motion: surface=0x7fe859315008 at 1925,110 (cursor at 1893,78)
[luiewm:debug] pointer motion: surface=0x7fe859315008 at 1925,111 (cursor at 1893,79)
[luiewm:debug] pointer motion: surface=0x7fe859315008 at 1926,112 (cursor at 1894,80)
[luiewm:debug] pointer motion: surface=0x7fe859315008 at 1926,113 (cursor at 1894,81)
[luiewm:debug] pointer motion: surface=0x7fe859315008 at 1926,115 (cursor at 1894,83)
[luiewm:debug] pointer motion: surface=0x7fe859315008 at 1927,116 (cursor at 1895,84)
[luiewm:debug] pointer motion: surface=0x7fe859315008 at 1927,117 (cursor at 1895,85)
[luiewm:debug] pointer motion: surface=0x7fe859315008 at 1927,119 (cursor at 1895,87)
[luiewm:debug] pointer motion: surface=0x7fe859315008 at 1927,120 (cursor at 1895,88)
[luiewm:debug] pointer motion: surface=0x7fe859315008 at 1929,122 (cursor at 1897,90)
[luiewm:debug] pointer motion: surface=0x7fe859315008 at 1929,124 (cursor at 1897,92)
[luiewm:debug] pointer motion: surface=0x7fe859315008 at 1929,125 (cursor at 1897,93)
[luiewm:debug] pointer motion: surface=0x7fe859315008 at 1930,127 (cursor at 1898,95)
[luiewm:debug] pointer motion: surface=0x7fe859315008 at 1930,129 (cursor at 1898,97)
[luiewm:debug] pointer motion: surface=0x7fe859315008 at 1930,130 (cursor at 1898,98)
[luiewm:debug] pointer motion: surface=0x7fe859315008 at 1932,132 (cursor at 1900,100)
[luiewm:debug] pointer motion: surface=0x7fe859315008 at 1932,134 (cursor at 1900,102)
[luiewm:debug] pointer motion: surface=0x7fe859315008 at 1932,136 (cursor at 1900,104)
[luiewm:debug] pointer motion: surface=0x7fe859315008 at 1932,137 (cursor at 1900,105)
[luiewm:debug] pointer motion: surface=0x7fe859315008 at 1934,139 (cursor at 1902,107)
[luiewm:debug] pointer motion: surface=0x7fe859315008 at 1934,140 (cursor at 1902,108)
[luiewm:debug] pointer motion: surface=0x7fe859315008 at 1934,142 (cursor at 1902,110)
[luiewm:debug] pointer motion: surface=0x7fe859315008 at 1934,143 (cursor at 1902,111)
[luiewm:debug] pointer motion: surface=0x7fe859315008 at 1936,145 (cursor at 1904,113)
[luiewm:debug] pointer motion: surface=0x7fe859315008 at 1936,147 (cursor at 1904,115)
[luiewm:debug] pointer motion: surface=0x7fe859315008 at 1936,149 (cursor at 1904,117)
[luiewm:debug] pointer motion: surface=0x7fe859315008 at 1936,150 (cursor at 1904,118)
[luiewm:debug] pointer motion: surface=0x7fe859315008 at 1938,152 (cursor at 1906,120)
[luiewm:debug] pointer motion: surface=0x7fe859315008 at 1938,154 (cursor at 1906,122)
[luiewm:debug] pointer motion: surface=0x7fe859315008 at 1938,156 (cursor at 1906,124)
[luiewm:debug] pointer motion: surface=0x7fe859315008 at 1938,157 (cursor at 1906,125)
[luiewm:debug] pointer motion: surface=0x7fe859315008 at 1938,159 (cursor at 1906,127)
[luiewm:debug] pointer motion: surface=0x7fe859315008 at 1939,161 (cursor at 1907,129)
[luiewm:debug] pointer motion: surface=0x7fe859315008 at 1939,163 (cursor at 1907,131)
[luiewm:debug] pointer motion: surface=0x7fe859315008 at 1939,164 (cursor at 1907,132)
[luiewm:debug] pointer motion: surface=0x7fe859315008 at 1939,166 (cursor at 1907,134)
[luiewm:debug] pointer motion: surface=0x7fe859315008 at 1941,168 (cursor at 1909,136)
[luiewm:debug] pointer motion: surface=0x7fe859315008 at 1941,172 (cursor at 1909,140)
[luiewm:debug] request_set_shape e-resize
[luiewm:debug] pointer motion: surface=0x7fe859315008 at 1941,174 (cursor at 1909,142)
[luiewm:debug] pointer motion: surface=0x7fe859315008 at 1941,176 (cursor at 1909,144)
[luiewm:debug] pointer motion: surface=0x7fe859315008 at 1943,177 (cursor at 1911,145)
[luiewm:debug] pointer motion: surface=0x7fe859315008 at 1943,179 (cursor at 1911,147)
[luiewm:debug] pointer motion: surface=0x7fe859315008 at 1943,181 (cursor at 1911,149)
[luiewm:debug] pointer motion: surface=0x7fe859315008 at 1943,183 (cursor at 1911,151)
[luiewm:debug] pointer motion: surface=0x7fe859315008 at 1943,186 (cursor at 1911,154)
[luiewm:debug] pointer motion: surface=0x7fe859315008 at 1943,524 (cursor at 1911,492)
[luiewm:debug] request_set_shape e-resize
[luiewm:debug] pointer motion: surface=0x7fe859315008 at 1943,526 (cursor at 1911,494)
[luiewm:debug] pointer motion: surface=0x7fe859315008 at 1943,528 (cursor at 1911,496)
[luiewm:debug] pointer motion: surface=0x7fe859315008 at 1942,529 (cursor at 1910,497)
[luiewm:debug] pointer motion: surface=0x7fe859315008 at 1940,531 (cursor at 1908,499)
[luiewm:debug] pointer motion: surface=0x7fe859315008 at 1940,532 (cursor at 1908,500)
[luiewm:debug] pointer motion: surface=0x7fe859315008 at 1938,534 (cursor at 1906,502)
[luiewm:debug] pointer motion: surface=0x7fe859315008 at 1938,536 (cursor at 1906,504)
[luiewm:debug] pointer motion: surface=0x7fe859315008 at 1937,537 (cursor at 1905,505)
[luiewm:debug] pointer motion: surface=0x7fe859315008 at 1937,539 (cursor at 1905,507)
[luiewm:debug] pointer motion: surface=0x7fe859315008 at 1935,539 (cursor at 1903,507)
[luiewm:debug] request_set_shape default
[luiewm:debug] pointer motion: surface=0x7fe859315008 at 1935,541 (cursor at 1903,509)
[luiewm:debug] pointer motion: surface=0x7fe859315008 at 1933,543 (cursor at 1901,511)
[luiewm:debug] pointer motion: surface=0x7fe859315008 at 1933,545 (cursor at 1901,513)
[luiewm:debug] pointer motion: surface=0x7fe859315008 at 1932,545 (cursor at 1900,513)
[luiewm:debug] pointer motion: surface=0x7fe859315008 at 1932,546 (cursor at 1900,514)
[luiewm:debug] pointer motion: surface=0x7fe859315008 at 1930,547 (cursor at 1898,515)
[luiewm:debug] pointer motion: surface=0x7fe859315008 at 1930,549 (cursor at 1898,517)
[luiewm:debug] pointer motion: surface=0x7fe859315008 at 1928,549 (cursor at 1896,517)
[luiewm:debug] pointer motion: surface=0x7fe859315008 at 1928,551 (cursor at 1896,519)
[luiewm:debug] pointer motion: surface=0x7fe859315008 at 1927,551 (cursor at 1895,519)
[luiewm:debug] pointer motion: surface=0x7fe859315008 at 1927,552 (cursor at 1895,520)
[luiewm:debug] pointer motion: surface=0x7fe859315008 at 1925,554 (cursor at 1893,522)
[luiewm:debug] pointer motion: surface=0x7fe859315008 at 1923,556 (cursor at 1891,524)
[luiewm:debug] pointer motion: surface=0x7fe859315008 at 1921,558 (cursor at 1889,526)
[luiewm:debug] pointer motion: surface=0x7fe859315008 at 1920,559 (cursor at 1888,527)
[luiewm:debug] pointer motion: surface=0x7fe859315008 at 1920,561 (cursor at 1888,529)
[luiewm:debug] pointer motion: surface=0x7fe859315008 at 1919,561 (cursor at 1887,529)
[luiewm:debug] pointer motion: surface=0x7fe859315008 at 1919,562 (cursor at 1887,530)
[luiewm:debug] pointer motion: surface=0x7fe859315008 at 1917,562 (cursor at 1885,530)
[luiewm:debug] pointer motion: surface=0x7fe859315008 at 1917,564 (cursor at 1885,532)
[luiewm:debug] pointer motion: surface=0x7fe859315008 at 1915,564 (cursor at 1883,532)
[luiewm:debug] pointer motion: surface=0x7fe859315008 at 1915,566 (cursor at 1883,534)
[luiewm:debug] pointer motion: surface=0x7fe859315008 at 1914,566 (cursor at 1882,534)
[luiewm:debug] pointer motion: surface=0x7fe859315008 at 1914,567 (cursor at 1882,535)
[luiewm:debug] pointer motion: surface=0x7fe859315008 at 1912,567 (cursor at 1880,535)
[luiewm:debug] pointer motion: surface=0x7fe859315008 at 1912,569 (cursor at 1880,537)
[luiewm:debug] pointer motion: surface=0x7fe859315008 at 1910,571 (cursor at 1878,539)
[luiewm:debug] pointer motion: surface=0x7fe859315008 at 1908,573 (cursor at 1876,541)
[luiewm:debug] pointer motion: surface=0x7fe859315008 at 1907,574 (cursor at 1875,542)
[luiewm:debug] pointer motion: surface=0x7fe859315008 at 1905,574 (cursor at 1873,542)
[luiewm:debug] pointer motion: surface=0x7fe859315008 at 1905,576 (cursor at 1873,544)
[luiewm:debug] pointer motion: surface=0x7fe859315008 at 1904,576 (cursor at 1872,544)
[luiewm:debug] pointer motion: surface=0x7fe859315008 at 1904,578 (cursor at 1872,546)
[luiewm:debug] pointer motion: surface=0x7fe859315008 at 1902,578 (cursor at 1870,546)
[luiewm:debug] pointer motion: surface=0x7fe859315008 at 1902,579 (cursor at 1870,547)
[luiewm:debug] pointer motion: surface=0x7fe859315008 at 1900,581 (cursor at 1868,549)
[luiewm:debug] pointer motion: surface=0x7fe859315008 at 1898,581 (cursor at 1866,549)
[luiewm:debug] pointer motion: surface=0x7fe859315008 at 1898,583 (cursor at 1866,551)
[luiewm:debug] pointer motion: surface=0x7fe859315008 at 1897,583 (cursor at 1865,551)
[luiewm:debug] pointer motion: surface=0x7fe859315008 at 1895,585 (cursor at 1863,553)
[luiewm:debug] pointer motion: surface=0x7fe859315008 at 1893,586 (cursor at 1861,554)
[luiewm:debug] pointer motion: surface=0x7fe859315008 at 1892,588 (cursor at 1860,556)
[luiewm:debug] pointer motion: surface=0x7fe859315008 at 1890,588 (cursor at 1858,556)
[luiewm:debug] pointer motion: surface=0x7fe859315008 at 1890,589 (cursor at 1858,557)
[luiewm:debug] pointer motion: surface=0x7fe859315008 at 1889,589 (cursor at 1857,557)
[luiewm:debug] pointer motion: surface=0x7fe859315008 at 1887,589 (cursor at 1855,557)
[luiewm:debug] pointer motion: surface=0x7fe859315008 at 1886,591 (cursor at 1854,559)
[luiewm:debug] pointer motion: surface=0x7fe859315008 at 1886,593 (cursor at 1854,561)
[luiewm:debug] pointer motion: surface=0x7fe859315008 at 1884,593 (cursor at 1852,561)
[luiewm:debug] pointer motion: surface=0x7fe859315008 at 1884,594 (cursor at 1852,562)
[luiewm:debug] pointer motion: surface=0x7fe859315008 at 1882,594 (cursor at 1850,562)
[luiewm:debug] pointer motion: surface=0x7fe859315008 at 1880,596 (cursor at 1848,564)
[luiewm:debug] pointer motion: surface=0x7fe859315008 at 1879,596 (cursor at 1847,564)
[luiewm:debug] pointer motion: surface=0x7fe859315008 at 1877,598 (cursor at 1845,566)
[luiewm:debug] pointer motion: surface=0x7fe859315008 at 1875,600 (cursor at 1843,568)
[luiewm:debug] pointer motion: surface=0x7fe859315008 at 1874,600 (cursor at 1842,568)
[luiewm:debug] pointer motion: surface=0x7fe859315008 at 1873,601 (cursor at 1841,569)
[luiewm:debug] pointer motion: surface=0x7fe859315008 at 1871,603 (cursor at 1839,571)
[luiewm:debug] pointer motion: surface=0x7fe859315008 at 1869,603 (cursor at 1837,571)
[luiewm:debug] pointer motion: surface=0x7fe859315008 at 1868,604 (cursor at 1836,572)
[luiewm:debug] pointer motion: surface=0x7fe859315008 at 1866,604 (cursor at 1834,572)
[luiewm:debug] pointer motion: surface=0x7fe859315008 at 1866,606 (cursor at 1834,574)
[luiewm:debug] pointer motion: surface=0x7fe859315008 at 1865,606 (cursor at 1833,574)
[luiewm:debug] pointer motion: surface=0x7fe859315008 at 1863,606 (cursor at 1831,574)
[luiewm:debug] pointer motion: surface=0x7fe859315008 at 1863,608 (cursor at 1831,576)
[luiewm:debug] pointer motion: surface=0x7fe859315008 at 1861,608 (cursor at 1829,576)
[luiewm:debug] pointer motion: surface=0x7fe859315008 at 1860,610 (cursor at 1828,578)
[luiewm:debug] pointer motion: surface=0x7fe859315008 at 1858,610 (cursor at 1826,578)
[luiewm:debug] pointer motion: surface=0x7fe859315008 at 1856,612 (cursor at 1824,580)
[luiewm:debug] pointer motion: surface=0x7fe859315008 at 1854,612 (cursor at 1822,580)
[luiewm:debug] pointer motion: surface=0x7fe859315008 at 1854,613 (cursor at 1822,581)
[luiewm:debug] pointer motion: surface=0x7fe859315008 at 1852,613 (cursor at 1820,581)
[luiewm:debug] pointer motion: surface=0x7fe859315008 at 1850,615 (cursor at 1818,583)
[luiewm:debug] pointer motion: surface=0x7fe859315008 at 1849,615 (cursor at 1817,583)
[luiewm:debug] pointer motion: surface=0x7fe859315008 at 1848,616 (cursor at 1816,584)
[luiewm:debug] pointer motion: surface=0x7fe859315008 at 1846,616 (cursor at 1814,584)
[luiewm:debug] pointer motion: surface=0x7fe859315008 at 1845,617 (cursor at 1813,585)
[luiewm:debug] pointer motion: surface=0x7fe859315008 at 1844,619 (cursor at 1812,587)
[luiewm:debug] pointer motion: surface=0x7fe859315008 at 1842,619 (cursor at 1810,587)
[luiewm:debug] pointer motion: surface=0x7fe859315008 at 1840,621 (cursor at 1808,589)
[luiewm:debug] pointer motion: surface=0x7fe859315008 at 1839,621 (cursor at 1807,589)
[luiewm:debug] pointer motion: surface=0x7fe859315008 at 1837,622 (cursor at 1805,590)
[luiewm:debug] pointer motion: surface=0x7fe859315008 at 1836,622 (cursor at 1804,590)
[luiewm:debug] pointer motion: surface=0x7fe859315008 at 1835,622 (cursor at 1803,590)
[luiewm:debug] pointer motion: surface=0x7fe859315008 at 1835,624 (cursor at 1803,592)
[luiewm:debug] pointer motion: surface=0x7fe859315008 at 1833,624 (cursor at 1801,592)
[luiewm:debug] pointer motion: surface=0x7fe859315008 at 1833,625 (cursor at 1801,593)
[luiewm:debug] pointer motion: surface=0x7fe859315008 at 1831,625 (cursor at 1799,593)
[luiewm:debug] pointer motion: surface=0x7fe859315008 at 1830,625 (cursor at 1798,593)
[luiewm:debug] pointer motion: surface=0x7fe859315008 at 1828,627 (cursor at 1796,595)
[luiewm:debug] pointer motion: surface=0x7fe859315008 at 1826,627 (cursor at 1794,595)
[luiewm:debug] pointer motion: surface=0x7fe859315008 at 1825,628 (cursor at 1793,596)
[luiewm:debug] pointer motion: surface=0x7fe859315008 at 1824,628 (cursor at 1792,596)
[luiewm:debug] pointer motion: surface=0x7fe859315008 at 1824,630 (cursor at 1792,598)
[luiewm:debug] pointer motion: surface=0x7fe859315008 at 1823,630 (cursor at 1791,598)
[luiewm:debug] pointer motion: surface=0x7fe859315008 at 1822,630 (cursor at 1790,598)
[luiewm:debug] pointer motion: surface=0x7fe859315008 at 1822,631 (cursor at 1790,599)
[luiewm:debug] pointer motion: surface=0x7fe859315008 at 1820,631 (cursor at 1788,599)
[luiewm:debug] pointer motion: surface=0x7fe859315008 at 1819,631 (cursor at 1787,599)
[luiewm:debug] pointer motion: surface=0x7fe859315008 at 1819,632 (cursor at 1787,600)
[luiewm:debug] pointer motion: surface=0x7fe859315008 at 1818,632 (cursor at 1786,600)
[luiewm:debug] pointer motion: surface=0x7fe859315008 at 1817,632 (cursor at 1785,600)
[luiewm:debug] pointer motion: surface=0x7fe859315008 at 1817,633 (cursor at 1785,601)
[luiewm:debug] pointer motion: surface=0x7fe859315008 at 1816,633 (cursor at 1784,601)
[luiewm:debug] pointer motion: surface=0x7fe859315008 at 1815,633 (cursor at 1783,601)
[luiewm:debug] pointer motion: surface=0x7fe859315008 at 1815,632 (cursor at 1783,600)
[luiewm:debug] pointer motion: surface=0x7fe859315008 at 1815,631 (cursor at 1783,599)
[luiewm:debug] pointer motion: surface=0x7fe859315008 at 1815,630 (cursor at 1783,598)
[luiewm:debug] pointer motion: surface=0x7fe859315008 at 1815,629 (cursor at 1783,597)
[luiewm:debug] pointer motion: surface=0x7fe859315008 at 1815,628 (cursor at 1783,596)
[luiewm:debug] pointer motion: surface=0x7fe859315008 at 1815,627 (cursor at 1783,595)
[luiewm:debug] pointer motion: surface=0x7fe859315008 at 1815,626 (cursor at 1783,594)
[luiewm:debug] pointer motion: surface=0x7fe859315008 at 1815,625 (cursor at 1783,593)
[luiewm:debug] pointer motion: surface=0x7fe859315008 at 1815,624 (cursor at 1783,592)
[luiewm:debug] draw view: quad=13,13 1894x1054 tex=1984x1144 ptr=ok opacity=1 geo=45,45 1894x1054
[luiewm:debug] pointer motion: surface=0x7fe859315008 at 1815,623 (cursor at 1783,591)
[luiewm:debug] pointer motion: surface=0x7fe859315008 at 1815,622 (cursor at 1783,590)
[luiewm:debug] pointer motion: surface=0x7fe859315008 at 1815,621 (cursor at 1783,589)
[luiewm:debug] key: sym=65515 pressed=true mod_logo=false
[luiewm:debug] pointer motion: surface=0x7fe859315008 at 1814,621 (cursor at 1782,589)
[luiewm:debug] pointer motion: surface=0x7fe859315008 at 1814,620 (cursor at 1782,588)
[luiewm:debug] pointer motion: surface=0x7fe859315008 at 1814,619 (cursor at 1782,587)
[luiewm:debug] pointer motion: surface=0x7fe859315008 at 1814,618 (cursor at 1782,586)
[luiewm:debug] xdg commit Mozilla Firefox: surf=1984x1144 tex=1984x1144 committed=1 geo=45,45 1894x1054
[luiewm:debug] pointer motion: surface=0x7fe859315008 at 1814,617 (cursor at 1782,585)
[luiewm:debug] pointer motion: surface=0x7fe859315008 at 1814,616 (cursor at 1782,584)
[luiewm:debug] pointer motion: surface=0x7fe859315008 at 1814,615 (cursor at 1782,583)
[luiewm:debug] pointer motion: surface=0x7fe859315008 at 1814,614 (cursor at 1782,582)
[luiewm:debug] key: sym=119 pressed=true mod_logo=true
[luiewm:debug] pointer motion: surface=0x7fe859315008 at 1814,613 (cursor at 1782,581)
[luiewm:info] view unmapped: Mozilla Firefox
[luiewm:debug] server: focus_view nil
[luiewm:debug] dwindle: layout scheduled 1920x1080 tag=1
[luiewm:info] view destroyed: unnamed
[luiewm:debug] dwindle: layout scheduled 1920x1080 tag=1
[luiewm:debug] key: sym=119 pressed=false mod_logo=true
[luiewm:debug] key: sym=120 pressed=true mod_logo=true
[luiewm:info] quit requested, terminating compositor...
LuieWM: types/seat/wlr_seat.c:240: wlr_seat_destroy: Assertion `wl_list_empty(&seat->events.request_set_cursor.listener_list)' failed.
